ticket_id;created_date;resolved_date;priority;status;category;assigned_agent;resolution_hours;is_it_late
1;2026/02/09 01:22;2026/02/10 12:22;High;Resolved;Software bug;Walt Sizulu;35;TRUE
2;2026/03/30 17:11;2026/04/01 18:11;Low;Open;Password Reset;Alice Lane;49;TRUE
3;2025/12/06 10:39;2025/12/08 17:39;High;Resolved;Billing;William Nicole;55;TRUE
4;2026/03/28 03:58;2026/03/28 14:58;High;Closed;Email problem;William Nicole;11;FALSE
5;2026/02/19 13:29;2026/02/21 15:29;High;In progress;Password Reset;William Nicole;50;TRUE
6;2026/05/06 03:56;2026/05/07 23:56;Low;In progress;Password Reset;Wit Koppen;44;FALSE
7;2025/11/22 10:37;2025/11/23 05:37;Critical;Resolved;Software bug;Alice Lane;19;TRUE
8;2025/11/09 09:16;2025/11/10 00:16;Medium;Resolved;Network issue;Walt Sizulu;15;FALSE
9;2026/03/03 03:14;2026/03/06 01:14;Critical;In progress;Hardware failure;Alice Lane;70;TRUE
10;2026/03/02 15:25;2026/03/03 22:25;Critical;Open;Email problem;Wit Koppen;31;TRUE
11;2026/03/26 23:16;2026/03/27 21:16;Critical;Closed;Email problem;Walt Sizulu;22;TRUE
12;2026/04/10 12:46;2026/04/10 19:46;Low;Resolved;Password Reset;Walt Sizulu;7;FALSE
13;2026/03/04 18:15;2026/03/07 04:15;Critical;Resolved;Hardware failure;Wit Koppen;58;TRUE
14;2026/04/06 16:24;2026/04/09 10:24;Medium;Closed;Hardware failure;Wit Koppen;66;TRUE
15;2026/03/29 08:45;2026/03/31 22:45;Medium;Closed;Hardware failure;Walt Sizulu;62;TRUE
16;2025/11/07 09:41;2025/11/08 05:41;Low;Resolved;Password Reset;Alice Lane;20;FALSE
17;2026/01/03 12:03;2026/01/06 09:03;Low;Closed;Billing;William Nicole;69;TRUE
18;2026/03/18 05:01;2026/03/19 06:01;Medium;Open;Password Reset;Alice Lane;25;TRUE
19;2026/01/12 12:21;2026/01/14 02:21;High;In progress;Network issue;Walt Sizulu;38;TRUE
20;2026/02/16 20:15;2026/02/17 10:15;Low;Resolved;Network issue;Wit Koppen;14;FALSE
21;2025/12/13 23:05;2025/12/15 03:05;Low;Resolved;Network issue;Walt Sizulu;28;FALSE
22;2026/03/02 15:31;2026/03/03 15:31;High;Resolved;Password Reset;Alice Lane;24;TRUE
23;2025/11/30 12:51;2025/12/02 07:51;Low;Open;Software bug;William Nicole;43;FALSE
24;2026/02/24 22:29;2026/02/26 10:29;Critical;In progress;Email problem;William Nicole;36;TRUE
25;2026/03/09 11:42;2026/03/12 05:42;Low;In progress;Billing;Walt Sizulu;66;TRUE
26;2025/12/13 00:48;2025/12/14 14:48;High;Closed;Network issue;William Nicole;38;TRUE
27;2025/11/24 08:59;2025/11/27 05:59;High;Closed;Software bug;William Nicole;69;TRUE
28;2026/04/13 06:47;2026/04/16 03:47;High;Closed;Hardware failure;Wit Koppen;69;TRUE
29;2025/12/10 21:24;2025/12/12 10:24;Medium;In progress;Hardware failure;William Nicole;37;TRUE
30;2026/05/01 14:07;2026/05/02 06:07;Critical;Closed;Billing;Walt Sizulu;16;TRUE
31;2026/02/26 17:35;2026/02/27 15:35;High;Resolved;Billing;Alice Lane;22;TRUE
32;2026/03/20 00:52;2026/03/21 22:52;Critical;Closed;Software bug;Alice Lane;46;TRUE
33;2026/04/06 03:33;2026/04/06 12:33;High;In progress;Email problem;Wit Koppen;9;FALSE
34;2026/05/03 14:21;2026/05/06 12:21;High;In progress;Email problem;Wit Koppen;70;TRUE
35;2025/11/25 17:28;2025/11/27 03:28;Low;Closed;Email problem;Alice Lane;34;FALSE
36;2026/02/13 12:50;2026/02/15 08:50;High;In progress;Email problem;Alice Lane;44;TRUE
37;2025/11/19 13:41;2025/11/21 11:41;Critical;Resolved;Software bug;William Nicole;46;TRUE
38;2026/04/22 21:01;2026/04/24 22:01;Low;In progress;Password Reset;Alice Lane;49;TRUE
39;2026/04/02 05:20;2026/04/05 05:20;Medium;In progress;Network issue;Wit Koppen;72;TRUE
40;2026/04/06 09:09;2026/04/08 05:09;Medium;In progress;Billing;Alice Lane;44;TRUE
41;2026/02/20 09:33;2026/02/20 21:33;Critical;Resolved;Hardware failure;Wit Koppen;12;TRUE
42;2026/03/24 14:19;2026/03/25 01:19;Low;Resolved;Software bug;William Nicole;11;FALSE
43;2025/12/20 01:11;2025/12/20 17:11;Critical;In progress;Hardware failure;Alice Lane;16;TRUE
44;2026/03/26 07:58;2026/03/27 15:58;Critical;Closed;Billing;Wit Koppen;32;TRUE
45;2026/01/22 15:20;2026/01/24 06:20;Low;Open;Network issue;William Nicole;39;FALSE
46;2025/11/06 22:17;2025/11/09 18:17;Medium;In progress;Password Reset;Wit Koppen;68;TRUE
47;2025/11/14 10:21;2025/11/15 22:21;Low;Closed;Network issue;Wit Koppen;36;FALSE
48;2025/11/11 18:43;2025/11/14 01:43;High;Closed;Billing;Walt Sizulu;55;TRUE
49;2026/01/22 13:15;2026/01/25 10:15;Critical;Open;Billing;Wit Koppen;69;TRUE
50;2026/03/28 16:07;2026/03/31 07:07;High;Resolved;Billing;William Nicole;63;TRUE
51;2025/12/01 11:09;2025/12/03 11:09;Medium;Resolved;Software bug;Alice Lane;48;TRUE
52;2025/12/02 08:09;2025/12/04 08:09;High;In progress;Hardware failure;Walt Sizulu;48;TRUE
53;2026/04/10 15:26;2026/04/13 06:26;Critical;In progress;Email problem;Wit Koppen;63;TRUE
54;2025/11/19 21:02;2025/11/22 02:02;Medium;Open;Email problem;Alice Lane;53;TRUE
55;2025/12/03 23:26;2025/12/06 13:26;Low;Resolved;Email problem;William Nicole;62;TRUE
56;2026/04/27 03:47;2026/04/30 02:47;High;In progress;Hardware failure;Walt Sizulu;71;TRUE
57;2026/02/26 13:21;2026/02/27 18:21;Medium;In progress;Billing;William Nicole;29;TRUE
58;2025/12/29 05:06;2026/01/01 02:06;High;Open;Hardware failure;Alice Lane;69;TRUE
59;2025/12/27 21:17;2025/12/30 09:17;High;Closed;Hardware failure;Walt Sizulu;60;TRUE
60;2025/11/17 10:12;2025/11/17 22:12;Critical;In progress;Hardware failure;Walt Sizulu;12;TRUE
61;2026/03/01 06:10;2026/03/02 05:10;Medium;In progress;Password Reset;Walt Sizulu;23;FALSE
62;2025/11/23 07:46;2025/11/23 16:46;Low;Resolved;Password Reset;Alice Lane;9;FALSE
63;2025/11/15 07:55;2025/11/17 00:55;Medium;Open;Software bug;Walt Sizulu;41;TRUE
64;2025/11/19 12:27;2025/11/20 11:27;Critical;Resolved;Software bug;Wit Koppen;23;TRUE
65;2026/02/18 08:51;2026/02/18 17:51;Low;Resolved;Password Reset;Walt Sizulu;9;FALSE
66;2025/12/10 13:37;2025/12/11 17:37;Low;Closed;Hardware failure;William Nicole;28;FALSE
67;2026/05/03 03:57;2026/05/05 19:57;High;In progress;Billing;William Nicole;64;TRUE
68;2026/03/11 07:48;2026/03/14 06:48;Medium;In progress;Software bug;Alice Lane;71;TRUE
69;2026/02/05 12:09;2026/02/07 09:09;Low;In progress;Network issue;Wit Koppen;45;FALSE
70;2026/01/27 17:30;2026/01/29 23:30;Medium;Closed;Network issue;Walt Sizulu;54;TRUE
71;2026/01/01 18:32;2026/01/02 23:32;Critical;In progress;Hardware failure;Walt Sizulu;29;TRUE
72;2026/04/15 22:43;2026/04/18 03:43;Critical;Open;Software bug;Wit Koppen;53;TRUE
73;2026/04/15 11:15;2026/04/17 12:15;High;Open;Hardware failure;Walt Sizulu;49;TRUE
74;2026/04/08 01:57;2026/04/08 03:57;High;Open;Software bug;Wit Koppen;2;FALSE
75;2026/01/28 07:00;2026/01/29 11:00;High;Resolved;Network issue;William Nicole;28;TRUE
76;2026/03/24 01:22;2026/03/25 03:22;Critical;Closed;Software bug;Wit Koppen;26;TRUE
77;2025/12/08 09:12;2025/12/09 05:12;High;Closed;Hardware failure;Wit Koppen;20;TRUE
78;2026/02/17 02:33;2026/02/19 21:33;Critical;Open;Billing;William Nicole;67;TRUE
79;2026/02/27 12:27;2026/03/01 15:27;Critical;Closed;Software bug;Walt Sizulu;51;TRUE
80;2025/11/29 17:26;2025/11/29 21:26;Low;Resolved;Hardware failure;Walt Sizulu;4;FALSE
81;2026/05/04 23:51;2026/05/06 17:51;Critical;In progress;Hardware failure;William Nicole;42;TRUE
82;2026/03/28 09:41;2026/03/30 15:41;High;Closed;Password Reset;Walt Sizulu;54;TRUE
83;2025/11/25 05:24;2025/11/28 04:24;High;Closed;Hardware failure;William Nicole;71;TRUE
84;2025/12/14 16:50;2025/12/16 04:50;Low;In progress;Network issue;William Nicole;36;FALSE
85;2025/12/29 15:34;2025/12/30 03:34;Medium;Open;Software bug;William Nicole;12;FALSE
86;2025/12/21 18:52;2025/12/22 19:52;High;In progress;Billing;Walt Sizulu;25;TRUE
87;2026/03/02 18:44;2026/03/04 03:44;High;Closed;Email problem;Walt Sizulu;33;TRUE
88;2025/12/23 06:17;2025/12/24 21:17;Critical;Open;Software bug;Walt Sizulu;39;TRUE
89;2026/04/06 21:09;2026/04/08 16:09;Medium;Open;Hardware failure;Alice Lane;43;TRUE
90;2026/02/28 18:01;2026/03/02 01:01;High;Closed;Hardware failure;Walt Sizulu;31;TRUE
91;2026/02/05 23:07;2026/02/06 03:07;Low;Open;Billing;Wit Koppen;4;FALSE
92;2026/02/20 22:54;2026/02/21 14:54;Medium;Open;Software bug;Wit Koppen;16;FALSE
93;2026/02/10 01:13;2026/02/11 00:13;High;Resolved;Software bug;Alice Lane;23;TRUE
94;2025/12/20 13:19;2025/12/22 14:19;Medium;Open;Email problem;Alice Lane;49;TRUE
95;2025/12/05 13:13;2025/12/07 19:13;High;Open;Hardware failure;Alice Lane;54;TRUE
96;2026/04/12 13:42;2026/04/14 22:42;Low;Closed;Network issue;Alice Lane;57;TRUE
97;2026/04/07 12:22;2026/04/08 22:22;Critical;Closed;Password Reset;Walt Sizulu;34;TRUE
98;2026/04/16 01:40;2026/04/16 04:40;High;Closed;Software bug;Wit Koppen;3;FALSE
99;2025/11/29 11:10;2025/11/30 13:10;Medium;Closed;Hardware failure;Alice Lane;26;TRUE
100;2025/11/30 02:09;2025/12/02 16:09;Low;Resolved;Hardware failure;Alice Lane;62;TRUE
101;2025/12/29 00:00;2025/12/30 22:00;Low;Open;Email problem;William Nicole;46;FALSE
102;2026/04/08 21:48;2026/04/08 23:48;Low;Closed;Software bug;William Nicole;2;FALSE
103;2025/12/03 10:28;2025/12/04 08:28;Low;Open;Hardware failure;Alice Lane;22;FALSE
104;2026/01/03 23:57;2026/01/05 21:57;High;Closed;Password Reset;Walt Sizulu;46;TRUE
105;2026/03/07 04:44;2026/03/07 10:44;Medium;Closed;Software bug;Alice Lane;6;FALSE
106;2025/11/13 04:32;2025/11/14 04:32;Medium;Open;Software bug;Walt Sizulu;24;FALSE
107;2026/02/12 05:53;2026/02/13 13:53;Critical;In progress;Software bug;Wit Koppen;32;TRUE
108;2026/01/03 12:52;2026/01/03 15:52;Low;Resolved;Hardware failure;Walt Sizulu;3;FALSE
109;2026/03/25 00:46;2026/03/27 16:46;High;In progress;Billing;Wit Koppen;64;TRUE
110;2026/04/22 22:24;2026/04/24 19:24;Critical;Open;Hardware failure;Wit Koppen;45;TRUE
111;2026/02/07 07:59;2026/02/08 18:59;Low;Closed;Software bug;William Nicole;35;FALSE
112;2025/11/09 00:00;2025/11/11 23:00;Medium;In progress;Password Reset;Alice Lane;71;TRUE
113;2026/03/08 13:23;2026/03/09 16:23;Low;Closed;Software bug;Wit Koppen;27;FALSE
114;2026/01/30 19:55;2026/01/31 02:55;Critical;Resolved;Password Reset;William Nicole;7;TRUE
115;2025/12/05 17:15;2025/12/06 07:15;High;Closed;Hardware failure;Walt Sizulu;14;TRUE
116;2026/02/28 10:12;2026/02/28 18:12;Medium;Closed;Hardware failure;Alice Lane;8;FALSE
117;2026/04/20 05:18;2026/04/22 13:18;Critical;In progress;Password Reset;William Nicole;56;TRUE
118;2026/04/12 16:27;2026/04/12 22:27;High;Closed;Network issue;Walt Sizulu;6;FALSE
119;2025/11/19 15:19;2025/11/20 18:19;Low;Open;Password Reset;William Nicole;27;FALSE
120;2025/12/09 20:00;2025/12/12 01:00;Critical;Open;Email problem;Alice Lane;53;TRUE
121;2026/03/18 15:30;2026/03/20 03:30;High;In progress;Billing;Alice Lane;36;TRUE
122;2026/03/05 23:50;2026/03/06 08:50;High;In progress;Password Reset;William Nicole;9;FALSE
123;2026/02/12 09:56;2026/02/15 07:56;High;Open;Password Reset;Alice Lane;70;TRUE
124;2026/02/10 17:11;2026/02/12 23:11;Medium;Open;Hardware failure;William Nicole;54;TRUE
125;2026/01/24 17:24;2026/01/27 12:24;High;Open;Billing;Alice Lane;67;TRUE
126;2026/03/02 07:23;2026/03/04 16:23;High;Resolved;Software bug;Alice Lane;57;TRUE
127;2025/12/23 16:27;2025/12/25 12:27;High;Resolved;Software bug;Alice Lane;44;TRUE
128;2026/01/19 10:58;2026/01/21 10:58;Low;Resolved;Network issue;Alice Lane;48;FALSE
129;2026/04/11 18:35;2026/04/13 00:35;Critical;Resolved;Billing;Alice Lane;30;TRUE
130;2026/01/18 19:33;2026/01/21 02:33;High;Resolved;Email problem;William Nicole;55;TRUE
131;2026/02/10 22:45;2026/02/11 15:45;High;In progress;Hardware failure;Walt Sizulu;17;TRUE
132;2026/01/01 23:44;2026/01/02 11:44;Low;In progress;Billing;William Nicole;12;FALSE
133;2026/04/26 18:02;2026/04/27 04:02;High;In progress;Password Reset;Alice Lane;10;FALSE
134;2026/04/13 07:51;2026/04/14 22:51;Critical;Closed;Password Reset;Walt Sizulu;39;TRUE
135;2025/11/29 15:55;2025/12/01 01:55;High;Closed;Software bug;William Nicole;34;TRUE
136;2025/11/15 23:03;2025/11/17 00:03;High;Resolved;Software bug;Walt Sizulu;25;TRUE
137;2026/03/24 20:03;2026/03/25 21:03;Medium;Resolved;Hardware failure;Wit Koppen;25;TRUE
138;2026/01/27 10:56;2026/01/27 20:56;Critical;Resolved;Billing;Wit Koppen;10;TRUE
139;2026/01/02 20:46;2026/01/02 23:46;Low;Resolved;Hardware failure;Walt Sizulu;3;FALSE
140;2026/02/20 12:45;2026/02/21 19:45;Medium;Resolved;Password Reset;Alice Lane;31;TRUE
141;2025/12/24 10:01;2025/12/25 15:01;Medium;Closed;Email problem;William Nicole;29;TRUE
142;2025/12/28 02:56;2025/12/30 04:56;Low;In progress;Network issue;Wit Koppen;50;TRUE
143;2026/01/23 16:22;2026/01/25 16:22;High;Closed;Hardware failure;William Nicole;48;TRUE
144;2026/02/13 08:08;2026/02/15 18:08;Medium;Resolved;Email problem;Walt Sizulu;58;TRUE
145;2026/01/10 20:50;2026/01/12 04:50;Critical;Resolved;Password Reset;Alice Lane;32;TRUE
146;2026/04/27 06:22;2026/04/30 03:22;Critical;In progress;Hardware failure;Alice Lane;69;TRUE
147;2026/03/12 00:36;2026/03/12 07:36;High;Open;Email problem;Walt Sizulu;7;FALSE
148;2026/04/04 04:48;2026/04/06 10:48;Low;Open;Software bug;Walt Sizulu;54;TRUE
149;2026/02/25 05:50;2026/02/27 00:50;Low;Closed;Password Reset;William Nicole;43;FALSE
150;2026/03/02 07:28;2026/03/03 16:28;High;Open;Billing;Walt Sizulu;33;TRUE
151;2026/04/02 22:49;2026/04/04 00:49;Medium;In progress;Network issue;William Nicole;26;TRUE
152;2025/11/23 13:56;2025/11/24 00:56;Medium;In progress;Software bug;William Nicole;11;FALSE
153;2026/01/14 09:50;2026/01/15 13:50;High;Resolved;Password Reset;Walt Sizulu;28;TRUE
154;2026/04/27 06:01;2026/04/29 19:01;Medium;Open;Hardware failure;William Nicole;61;TRUE
155;2025/11/20 07:33;2025/11/21 08:33;Medium;Resolved;Password Reset;Walt Sizulu;25;TRUE
156;2026/04/12 02:43;2026/04/12 10:43;High;Closed;Network issue;Walt Sizulu;8;FALSE
157;2026/02/28 14:09;2026/03/01 05:09;Low;In progress;Hardware failure;Walt Sizulu;15;FALSE
158;2025/11/29 16:23;2025/12/02 03:23;High;Resolved;Password Reset;Walt Sizulu;59;TRUE
159;2026/02/13 02:53;2026/02/15 23:53;Critical;Closed;Password Reset;Wit Koppen;69;TRUE
160;2026/03/21 09:45;2026/03/22 04:45;Low;Open;Email problem;Alice Lane;19;FALSE
161;2026/04/18 18:12;2026/04/20 13:12;Medium;Closed;Hardware failure;Wit Koppen;43;TRUE
162;2026/03/25 11:52;2026/03/27 20:52;Critical;Closed;Hardware failure;Alice Lane;57;TRUE
163;2025/12/30 06:48;2026/01/02 06:48;Medium;Open;Email problem;Walt Sizulu;72;TRUE
164;2025/11/25 10:41;2025/11/27 21:41;Critical;Open;Password Reset;Walt Sizulu;59;TRUE
165;2025/12/17 14:45;2025/12/17 18:45;Medium;Resolved;Network issue;William Nicole;4;FALSE
166;2026/01/17 03:47;2026/01/19 10:47;Critical;Open;Email problem;Wit Koppen;55;TRUE
167;2026/01/28 12:22;2026/01/31 12:22;High;Closed;Network issue;William Nicole;72;TRUE
168;2026/03/04 12:53;2026/03/05 20:53;Medium;Open;Network issue;Wit Koppen;32;TRUE
169;2026/02/04 12:34;2026/02/05 13:34;Medium;Closed;Network issue;Alice Lane;25;TRUE
170;2025/11/12 11:03;2025/11/14 15:03;High;Open;Hardware failure;Walt Sizulu;52;TRUE
171;2026/04/22 21:25;2026/04/24 14:25;Critical;Open;Password Reset;William Nicole;41;TRUE
172;2025/12/02 11:09;2025/12/05 10:09;Low;Resolved;Hardware failure;William Nicole;71;TRUE
173;2026/03/14 08:58;2026/03/15 07:58;High;Resolved;Password Reset;Alice Lane;23;TRUE
174;2026/03/05 14:51;2026/03/06 23:51;Critical;In progress;Password Reset;Walt Sizulu;33;TRUE
175;2026/01/01 09:47;2026/01/01 20:47;Critical;Resolved;Email problem;Alice Lane;11;TRUE
176;2026/03/06 08:18;2026/03/08 13:18;High;In progress;Email problem;Wit Koppen;53;TRUE
177;2026/03/26 23:59;2026/03/28 11:59;Medium;In progress;Billing;Wit Koppen;36;TRUE
178;2026/02/09 23:51;2026/02/12 16:51;Medium;Closed;Billing;Walt Sizulu;65;TRUE
179;2025/11/14 15:56;2025/11/15 20:56;Low;Open;Billing;Wit Koppen;29;FALSE
180;2026/04/14 07:50;2026/04/15 04:50;High;Open;Password Reset;Walt Sizulu;21;TRUE
181;2026/05/02 21:54;2026/05/04 10:54;Low;Open;Hardware failure;Walt Sizulu;37;FALSE
182;2026/04/13 09:57;2026/04/15 05:57;Medium;In progress;Email problem;Wit Koppen;44;TRUE
183;2025/11/18 19:20;2025/11/19 18:20;Critical;Resolved;Email problem;William Nicole;23;TRUE
184;2026/04/01 16:53;2026/04/01 20:53;Medium;Closed;Software bug;Wit Koppen;4;FALSE
185;2026/03/04 13:29;2026/03/07 00:29;High;Resolved;Email problem;Alice Lane;59;TRUE
186;2025/11/27 14:31;2025/11/27 20:31;Low;Closed;Software bug;Alice Lane;6;FALSE
187;2025/12/10 09:44;2025/12/10 17:44;Medium;Resolved;Billing;William Nicole;8;FALSE
188;2026/02/20 05:52;2026/02/20 12:52;Critical;Resolved;Hardware failure;Alice Lane;7;TRUE
189;2025/11/16 09:36;2025/11/16 13:36;High;In progress;Software bug;Alice Lane;4;FALSE
190;2025/12/17 16:12;2025/12/20 04:12;Critical;Resolved;Software bug;Walt Sizulu;60;TRUE
191;2025/11/10 13:02;2025/11/12 04:02;High;Open;Password Reset;Walt Sizulu;39;TRUE
192;2025/12/26 06:05;2025/12/26 20:05;Low;Closed;Email problem;Alice Lane;14;FALSE
193;2026/01/22 19:04;2026/01/23 02:04;Critical;In progress;Software bug;Wit Koppen;7;TRUE
194;2026/02/03 14:13;2026/02/03 18:13;Medium;In progress;Network issue;Alice Lane;4;FALSE
195;2026/03/15 01:08;2026/03/17 11:08;Medium;Closed;Hardware failure;Wit Koppen;58;TRUE
196;2026/01/06 05:42;2026/01/07 04:42;Critical;Resolved;Password Reset;Wit Koppen;23;TRUE
197;2026/02/11 03:35;2026/02/13 21:35;Low;Open;Hardware failure;Alice Lane;66;TRUE
198;2025/11/22 14:44;2025/11/24 23:44;Critical;Closed;Network issue;Walt Sizulu;57;TRUE
199;2026/03/17 18:19;2026/03/18 01:19;Medium;Resolved;Password Reset;Wit Koppen;7;FALSE
200;2026/04/24 23:40;2026/04/27 05:40;Critical;Open;Email problem;Wit Koppen;54;TRUE
201;2026/03/29 19:21;2026/03/30 08:21;Critical;In progress;Email problem;Alice Lane;13;TRUE
202;2025/12/14 07:08;2025/12/15 23:08;Critical;In progress;Software bug;Alice Lane;40;TRUE
203;2025/12/30 11:57;2025/12/31 04:57;High;In progress;Email problem;Wit Koppen;17;TRUE
204;2025/12/30 19:26;2025/12/31 21:26;Critical;Resolved;Hardware failure;Walt Sizulu;26;TRUE
205;2025/11/07 01:03;2025/11/09 02:03;High;Closed;Software bug;Wit Koppen;49;TRUE
206;2026/05/04 03:27;2026/05/07 02:27;High;Closed;Software bug;Alice Lane;71;TRUE
207;2026/04/19 15:24;2026/04/22 10:24;Medium;Resolved;Network issue;William Nicole;67;TRUE
208;2026/02/18 08:08;2026/02/19 07:08;Low;Open;Software bug;William Nicole;23;FALSE
209;2026/04/02 18:21;2026/04/03 14:21;Medium;Open;Password Reset;William Nicole;20;FALSE
210;2025/12/07 13:52;2025/12/09 15:52;Low;Open;Billing;Alice Lane;50;TRUE
211;2025/11/13 22:20;2025/11/14 01:20;Medium;Closed;Hardware failure;William Nicole;3;FALSE
212;2025/12/15 10:35;2025/12/16 07:35;High;Open;Email problem;Alice Lane;21;TRUE
213;2025/12/22 01:35;2025/12/24 08:35;High;Closed;Billing;William Nicole;55;TRUE
214;2026/02/07 10:06;2026/02/10 06:06;Critical;Closed;Network issue;William Nicole;68;TRUE
215;2026/04/18 17:10;2026/04/20 17:10;High;In progress;Hardware failure;Walt Sizulu;48;TRUE
216;2026/03/18 08:08;2026/03/19 05:08;Low;Closed;Hardware failure;William Nicole;21;FALSE
217;2026/02/16 10:01;2026/02/17 02:01;Medium;Closed;Billing;William Nicole;16;FALSE
218;2026/04/29 21:11;2026/05/01 20:11;Medium;Closed;Network issue;Alice Lane;47;TRUE
219;2025/12/03 14:03;2025/12/05 22:03;Critical;In progress;Network issue;Wit Koppen;56;TRUE
220;2026/04/30 19:00;2026/05/03 19:00;High;Resolved;Software bug;William Nicole;72;TRUE
221;2026/02/17 00:13;2026/02/18 12:13;Low;In progress;Password Reset;Wit Koppen;36;FALSE
222;2025/11/10 07:22;2025/11/11 19:22;Low;In progress;Password Reset;Wit Koppen;36;FALSE
223;2026/03/27 12:48;2026/03/28 10:48;Critical;In progress;Email problem;Wit Koppen;22;TRUE
224;2026/01/14 00:50;2026/01/14 16:50;Medium;Open;Software bug;Walt Sizulu;16;FALSE
225;2025/11/06 02:14;2025/11/06 23:14;High;In progress;Billing;Wit Koppen;21;TRUE
226;2026/03/18 05:41;2026/03/19 22:41;Low;Open;Password Reset;Alice Lane;41;FALSE
227;2026/04/06 20:26;2026/04/09 11:26;High;Closed;Hardware failure;Wit Koppen;63;TRUE
228;2026/04/10 22:27;2026/04/12 01:27;High;In progress;Software bug;Alice Lane;27;TRUE
229;2026/03/27 18:59;2026/03/28 14:59;Medium;Closed;Hardware failure;Walt Sizulu;20;FALSE
230;2026/03/16 04:58;2026/03/17 00:58;Low;In progress;Hardware failure;William Nicole;20;FALSE
231;2026/03/26 07:58;2026/03/28 12:58;High;Closed;Network issue;Walt Sizulu;53;TRUE
232;2025/11/12 07:42;2025/11/14 02:42;Critical;Closed;Software bug;Alice Lane;43;TRUE
233;2026/04/23 08:33;2026/04/25 17:33;Critical;In progress;Software bug;William Nicole;57;TRUE
234;2025/12/30 19:41;2026/01/02 00:41;High;In progress;Hardware failure;Walt Sizulu;53;TRUE
235;2025/11/21 15:46;2025/11/23 00:46;Low;Resolved;Hardware failure;William Nicole;33;FALSE
236;2026/04/11 09:59;2026/04/12 19:59;High;Closed;Software bug;Alice Lane;34;TRUE
237;2026/04/10 02:53;2026/04/11 20:53;High;Resolved;Password Reset;Walt Sizulu;42;TRUE
238;2026/01/21 20:09;2026/01/24 08:09;Critical;Closed;Hardware failure;Alice Lane;60;TRUE
239;2026/01/16 01:19;2026/01/18 08:19;High;Open;Hardware failure;Alice Lane;55;TRUE
240;2026/03/12 21:39;2026/03/13 19:39;Critical;Closed;Password Reset;Walt Sizulu;22;TRUE
241;2026/01/02 18:12;2026/01/04 08:12;Critical;In progress;Billing;William Nicole;38;TRUE
242;2026/01/19 13:17;2026/01/21 09:17;High;In progress;Password Reset;Wit Koppen;44;TRUE
243;2026/02/19 21:13;2026/02/19 22:13;High;Closed;Hardware failure;Walt Sizulu;1;FALSE
244;2026/02/28 14:45;2026/02/28 23:45;Critical;Closed;Billing;Wit Koppen;9;TRUE
245;2026/04/02 06:58;2026/04/03 08:58;Critical;Resolved;Software bug;Wit Koppen;26;TRUE
246;2026/04/30 00:23;2026/05/03 00:23;Low;In progress;Network issue;William Nicole;72;TRUE
247;2026/03/16 23:29;2026/03/19 11:29;Medium;Closed;Software bug;William Nicole;60;TRUE
248;2026/04/04 23:08;2026/04/07 21:08;High;Resolved;Email problem;Walt Sizulu;70;TRUE
249;2025/12/25 16:16;2025/12/25 23:16;Medium;In progress;Email problem;Alice Lane;7;FALSE
250;2026/02/01 11:16;2026/02/04 03:16;Low;Open;Email problem;Alice Lane;64;TRUE
251;2025/11/17 10:36;2025/11/18 00:36;Critical;Open;Password Reset;William Nicole;14;TRUE
252;2025/12/18 03:37;2025/12/20 05:37;Medium;Open;Password Reset;Wit Koppen;50;TRUE
253;2026/04/20 00:13;2026/04/21 07:13;Critical;Open;Password Reset;Wit Koppen;31;TRUE
254;2026/04/17 02:44;2026/04/19 18:44;Low;Closed;Software bug;Walt Sizulu;64;TRUE
255;2026/03/09 16:41;2026/03/11 07:41;Critical;In progress;Billing;William Nicole;39;TRUE
256;2026/01/01 13:02;2026/01/03 22:02;High;Open;Email problem;Wit Koppen;57;TRUE
257;2026/03/26 22:16;2026/03/27 11:16;Low;Closed;Billing;William Nicole;13;FALSE
258;2026/02/06 20:27;2026/02/07 16:27;Low;In progress;Password Reset;Wit Koppen;20;FALSE
259;2025/11/07 05:11;2025/11/07 09:11;High;Open;Email problem;Alice Lane;4;FALSE
260;2026/02/08 20:12;2026/02/11 04:12;Low;In progress;Email problem;Wit Koppen;56;TRUE
261;2026/02/15 05:33;2026/02/16 17:33;Medium;Resolved;Network issue;Alice Lane;36;TRUE
262;2025/12/12 05:54;2025/12/13 20:54;High;Open;Software bug;Walt Sizulu;39;TRUE
263;2025/12/26 06:40;2025/12/26 22:40;Low;Open;Billing;Walt Sizulu;16;FALSE
264;2026/03/23 03:36;2026/03/25 14:36;Low;Closed;Hardware failure;Alice Lane;59;TRUE
265;2025/12/25 21:57;2025/12/28 16:57;Critical;In progress;Email problem;Wit Koppen;67;TRUE
266;2025/12/25 23:49;2025/12/26 18:49;Critical;Resolved;Email problem;Walt Sizulu;19;TRUE
267;2026/03/05 05:54;2026/03/07 05:54;Critical;Open;Password Reset;Walt Sizulu;48;TRUE
268;2026/03/12 09:51;2026/03/12 20:51;Low;In progress;Password Reset;Wit Koppen;11;FALSE
269;2026/01/21 21:52;2026/01/22 13:52;Low;In progress;Hardware failure;Walt Sizulu;16;FALSE
270;2025/12/13 23:27;2025/12/14 17:27;Critical;Closed;Billing;William Nicole;18;TRUE
271;2025/12/23 16:27;2025/12/26 04:27;High;In progress;Billing;William Nicole;60;TRUE
272;2026/01/27 22:23;2026/01/28 18:23;Critical;Open;Password Reset;Alice Lane;20;TRUE
273;2026/03/21 16:40;2026/03/22 19:40;High;Open;Email problem;Walt Sizulu;27;TRUE
274;2025/12/10 21:33;2025/12/13 17:33;Medium;Resolved;Billing;Walt Sizulu;68;TRUE
275;2026/01/15 16:31;2026/01/17 22:31;Medium;Resolved;Network issue;William Nicole;54;TRUE
276;2026/01/07 15:41;2026/01/08 22:41;Low;Open;Hardware failure;Wit Koppen;31;FALSE
277;2026/04/30 02:51;2026/05/02 04:51;Medium;Open;Software bug;Alice Lane;50;TRUE
278;2026/02/28 23:17;2026/03/03 06:17;Medium;In progress;Password Reset;Alice Lane;55;TRUE
279;2026/01/24 21:07;2026/01/25 12:07;Low;In progress;Software bug;Alice Lane;15;FALSE
280;2026/03/01 03:15;2026/03/02 05:15;Medium;Closed;Network issue;Wit Koppen;26;TRUE
281;2026/02/08 02:10;2026/02/10 04:10;Medium;In progress;Billing;Alice Lane;50;TRUE
282;2025/11/27 08:30;2025/11/28 00:30;Critical;Resolved;Network issue;Wit Koppen;16;TRUE
283;2026/04/01 19:56;2026/04/02 00:56;Critical;Open;Password Reset;Wit Koppen;5;TRUE
284;2026/01/07 19:35;2026/01/08 10:35;Medium;In progress;Billing;Alice Lane;15;FALSE
285;2025/11/30 22:07;2025/12/02 13:07;Critical;Resolved;Hardware failure;Alice Lane;39;TRUE
286;2026/03/30 03:33;2026/03/31 15:33;Medium;Open;Password Reset;Walt Sizulu;36;TRUE
287;2026/02/17 19:52;2026/02/19 14:52;Low;Closed;Password Reset;Wit Koppen;43;FALSE
288;2026/02/22 14:02;2026/02/23 18:02;Critical;Open;Billing;Wit Koppen;28;TRUE
289;2026/01/31 23:16;2026/02/01 11:16;Medium;Open;Billing;Alice Lane;12;FALSE
290;2026/05/03 09:17;2026/05/03 17:17;Medium;In progress;Network issue;Wit Koppen;8;FALSE
291;2026/03/13 19:57;2026/03/16 09:57;Low;In progress;Software bug;Alice Lane;62;TRUE
292;2026/01/01 13:51;2026/01/02 05:51;Critical;Closed;Network issue;Walt Sizulu;16;TRUE
293;2026/05/06 11:35;2026/05/07 02:35;High;Resolved;Password Reset;Wit Koppen;15;TRUE
294;2025/11/15 18:31;2025/11/17 20:31;Critical;Resolved;Software bug;Alice Lane;50;TRUE
295;2025/11/07 22:52;2025/11/08 00:52;Low;Resolved;Billing;William Nicole;2;FALSE
296;2026/04/07 21:45;2026/04/08 19:45;High;In progress;Hardware failure;William Nicole;22;TRUE
297;2025/12/03 01:36;2025/12/05 14:36;Medium;Closed;Software bug;Wit Koppen;61;TRUE
298;2026/04/10 01:33;2026/04/12 01:33;Critical;Closed;Email problem;Wit Koppen;48;TRUE
299;2026/04/07 23:16;2026/04/10 15:16;High;Closed;Network issue;Alice Lane;64;TRUE
300;2026/01/21 23:02;2026/01/24 10:02;Low;Open;Billing;Alice Lane;59;TRUE
301;2025/11/07 20:34;2025/11/08 16:34;High;Open;Network issue;Walt Sizulu;20;TRUE
302;2026/02/08 17:57;2026/02/11 04:57;Low;Closed;Network issue;William Nicole;59;TRUE
303;2026/04/28 21:17;2026/04/30 20:17;Medium;Closed;Software bug;Wit Koppen;47;TRUE
304;2025/11/19 02:04;2025/11/20 22:04;Low;Closed;Network issue;Walt Sizulu;44;FALSE
305;2026/05/02 23:27;2026/05/05 11:27;Critical;Open;Password Reset;Walt Sizulu;60;TRUE
306;2025/12/11 16:26;2025/12/14 06:26;Medium;Closed;Hardware failure;Walt Sizulu;62;TRUE
307;2026/04/03 07:02;2026/04/04 10:02;Critical;Open;Software bug;Wit Koppen;27;TRUE
308;2025/12/15 12:56;2025/12/17 18:56;High;Resolved;Email problem;William Nicole;54;TRUE
309;2025/12/30 11:05;2026/01/02 10:05;Medium;Resolved;Hardware failure;Walt Sizulu;71;TRUE
310;2025/12/23 23:08;2025/12/25 00:08;Critical;Open;Password Reset;Alice Lane;25;TRUE
311;2025/12/21 01:11;2025/12/22 15:11;Low;Resolved;Hardware failure;Alice Lane;38;FALSE
312;2026/03/13 06:13;2026/03/15 04:13;Medium;In progress;Billing;Walt Sizulu;46;TRUE
313;2025/12/18 11:44;2025/12/19 12:44;Critical;In progress;Software bug;Alice Lane;25;TRUE
314;2026/04/27 19:26;2026/04/28 22:26;Low;Resolved;Hardware failure;Alice Lane;27;FALSE
315;2026/02/13 13:12;2026/02/15 06:12;Low;Open;Billing;Alice Lane;41;FALSE
316;2026/02/23 20:26;2026/02/25 19:26;Medium;Open;Hardware failure;Wit Koppen;47;TRUE
317;2025/11/23 13:03;2025/11/25 17:03;Low;In progress;Hardware failure;Wit Koppen;52;TRUE
318;2026/03/03 00:46;2026/03/05 18:46;Medium;In progress;Billing;Alice Lane;66;TRUE
319;2025/11/16 20:22;2025/11/18 08:22;Critical;Closed;Email problem;Walt Sizulu;36;TRUE
320;2026/02/26 10:17;2026/02/27 03:17;Medium;In progress;Hardware failure;William Nicole;17;FALSE
321;2026/01/21 06:42;2026/01/23 10:42;Medium;Resolved;Hardware failure;Alice Lane;52;TRUE
322;2025/11/21 02:38;2025/11/22 23:38;High;In progress;Network issue;Walt Sizulu;45;TRUE
323;2026/01/31 11:40;2026/02/01 02:40;Critical;In progress;Network issue;Wit Koppen;15;TRUE
324;2025/11/17 14:05;2025/11/20 01:05;Critical;Closed;Billing;William Nicole;59;TRUE
325;2026/03/01 15:31;2026/03/02 16:31;Medium;Closed;Hardware failure;Walt Sizulu;25;TRUE
326;2025/12/10 20:09;2025/12/13 02:09;Low;Resolved;Email problem;Alice Lane;54;TRUE
327;2026/02/17 13:22;2026/02/20 08:22;Critical;Resolved;Network issue;William Nicole;67;TRUE
328;2026/02/11 22:58;2026/02/12 17:58;High;Resolved;Hardware failure;William Nicole;19;TRUE
329;2025/11/24 11:31;2025/11/27 07:31;High;Closed;Password Reset;Wit Koppen;68;TRUE
330;2025/11/07 05:03;2025/11/07 14:03;Critical;Resolved;Network issue;Alice Lane;9;TRUE
331;2026/01/11 22:11;2026/01/12 19:11;Medium;In progress;Network issue;Walt Sizulu;21;FALSE
332;2025/11/22 14:19;2025/11/25 11:19;Critical;Closed;Password Reset;Walt Sizulu;69;TRUE
333;2025/12/14 17:38;2025/12/16 16:38;Medium;Open;Email problem;William Nicole;47;TRUE
334;2025/11/21 06:38;2025/11/22 12:38;Medium;Closed;Billing;Wit Koppen;30;TRUE
335;2026/03/30 13:53;2026/03/30 19:53;Medium;Resolved;Hardware failure;William Nicole;6;FALSE
336;2026/01/16 05:52;2026/01/18 00:52;Low;Open;Password Reset;Walt Sizulu;43;FALSE
337;2026/01/26 01:48;2026/01/27 00:48;Low;Resolved;Hardware failure;Walt Sizulu;23;FALSE
338;2026/03/20 19:15;2026/03/21 05:15;High;Resolved;Hardware failure;Wit Koppen;10;FALSE
339;2026/03/07 08:24;2026/03/09 13:24;Low;In progress;Password Reset;Alice Lane;53;TRUE
340;2026/02/28 20:52;2026/03/02 20:52;Critical;Open;Hardware failure;Walt Sizulu;48;TRUE
341;2026/03/23 03:32;2026/03/23 11:32;High;Open;Password Reset;William Nicole;8;FALSE
342;2026/03/12 10:35;2026/03/12 11:35;Critical;Open;Hardware failure;Walt Sizulu;1;FALSE
343;2026/04/06 21:20;2026/04/07 15:20;High;In progress;Email problem;Alice Lane;18;TRUE
344;2026/04/09 00:44;2026/04/10 18:44;High;Open;Network issue;Wit Koppen;42;TRUE
345;2025/12/12 21:30;2025/12/13 15:30;Critical;Resolved;Billing;Walt Sizulu;18;TRUE
346;2026/02/06 15:55;2026/02/07 21:55;Medium;In progress;Network issue;Walt Sizulu;30;TRUE
347;2025/12/11 23:15;2025/12/12 19:15;High;In progress;Software bug;Alice Lane;20;TRUE
348;2026/04/15 04:36;2026/04/17 04:36;Low;Open;Password Reset;Alice Lane;48;FALSE
349;2026/05/05 13:37;2026/05/05 15:37;Critical;In progress;Billing;Alice Lane;2;FALSE
350;2026/02/20 08:55;2026/02/20 17:55;Low;Open;Email problem;Wit Koppen;9;FALSE
351;2026/04/29 08:03;2026/04/30 02:03;Medium;In progress;Software bug;Alice Lane;18;FALSE
352;2026/04/29 00:45;2026/05/01 22:45;High;Closed;Billing;Alice Lane;70;TRUE
353;2026/03/27 09:16;2026/03/28 00:16;Critical;Closed;Software bug;William Nicole;15;TRUE
354;2026/03/25 04:18;2026/03/26 17:18;Low;Closed;Software bug;William Nicole;37;FALSE
355;2025/11/30 17:24;2025/12/02 18:24;Critical;Closed;Hardware failure;Wit Koppen;49;TRUE
356;2025/11/11 02:04;2025/11/12 02:04;Critical;Open;Network issue;William Nicole;24;TRUE
357;2026/04/05 03:48;2026/04/06 16:48;Low;Open;Password Reset;Wit Koppen;37;FALSE
358;2026/03/11 21:08;2026/03/12 10:08;High;In progress;Billing;Alice Lane;13;TRUE
359;2026/03/11 13:51;2026/03/13 02:51;Critical;Resolved;Billing;Wit Koppen;37;TRUE
360;2025/12/29 19:52;2026/01/01 07:52;Medium;In progress;Hardware failure;Wit Koppen;60;TRUE
361;2026/04/11 22:26;2026/04/13 06:26;Low;Open;Email problem;William Nicole;32;FALSE
362;2025/12/03 15:31;2025/12/04 20:31;Low;Resolved;Password Reset;Walt Sizulu;29;FALSE
363;2026/05/01 14:47;2026/05/02 00:47;Low;Closed;Software bug;Walt Sizulu;10;FALSE
364;2025/12/15 02:47;2025/12/18 02:47;Low;Open;Hardware failure;Wit Koppen;72;TRUE
365;2025/12/22 13:02;2025/12/22 15:02;Low;Open;Network issue;William Nicole;2;FALSE
366;2025/11/28 15:44;2025/11/30 07:44;Low;In progress;Hardware failure;William Nicole;40;FALSE
367;2026/04/28 05:10;2026/04/29 20:10;Critical;Open;Email problem;Walt Sizulu;39;TRUE
368;2026/02/07 01:29;2026/02/07 21:29;Critical;In progress;Network issue;Wit Koppen;20;TRUE
369;2026/03/09 17:44;2026/03/12 10:44;High;Resolved;Hardware failure;Alice Lane;65;TRUE
370;2026/01/31 21:36;2026/02/02 10:36;Medium;Closed;Email problem;Walt Sizulu;37;TRUE
371;2026/03/09 22:04;2026/03/11 06:04;Medium;Closed;Email problem;William Nicole;32;TRUE
372;2026/04/26 04:12;2026/04/28 07:12;Critical;Closed;Software bug;William Nicole;51;TRUE
373;2026/04/21 11:37;2026/04/23 00:37;High;Resolved;Email problem;William Nicole;37;TRUE
374;2026/01/27 00:52;2026/01/29 23:52;Medium;Resolved;Hardware failure;Wit Koppen;71;TRUE
375;2026/01/30 19:56;2026/01/31 16:56;Medium;Resolved;Hardware failure;Walt Sizulu;21;FALSE
376;2026/02/09 17:36;2026/02/10 19:36;Critical;Closed;Password Reset;William Nicole;26;TRUE
377;2025/12/14 02:49;2025/12/14 20:49;High;Closed;Email problem;Alice Lane;18;TRUE
378;2026/04/04 13:06;2026/04/05 02:06;High;Closed;Billing;William Nicole;13;TRUE
379;2026/01/06 18:58;2026/01/07 12:58;Low;Open;Password Reset;Walt Sizulu;18;FALSE
380;2026/03/01 13:44;2026/03/04 05:44;High;Closed;Software bug;Wit Koppen;64;TRUE
381;2026/04/01 18:51;2026/04/04 03:51;Low;In progress;Email problem;Wit Koppen;57;TRUE
382;2026/03/30 09:40;2026/04/01 16:40;Low;Open;Network issue;Alice Lane;55;TRUE
383;2026/01/24 01:01;2026/01/26 01:01;Low;Open;Billing;Walt Sizulu;48;FALSE
384;2026/04/26 11:01;2026/04/27 01:01;High;Resolved;Software bug;Alice Lane;14;TRUE
385;2026/03/07 08:01;2026/03/10 04:01;Critical;Open;Hardware failure;Walt Sizulu;68;TRUE
386;2026/02/08 07:46;2026/02/08 22:46;Critical;Resolved;Network issue;Alice Lane;15;TRUE
387;2026/01/25 01:23;2026/01/25 22:23;High;In progress;Network issue;Wit Koppen;21;TRUE
388;2025/12/20 08:00;2025/12/22 23:00;High;In progress;Software bug;William Nicole;63;TRUE
389;2026/03/21 07:01;2026/03/21 09:01;Low;Closed;Hardware failure;William Nicole;2;FALSE
390;2026/05/04 14:15;2026/05/06 14:15;Low;Resolved;Billing;Alice Lane;48;FALSE
391;2026/01/01 18:56;2026/01/04 07:56;Critical;Closed;Network issue;William Nicole;61;TRUE
392;2025/11/22 15:27;2025/11/25 09:27;High;Resolved;Password Reset;Wit Koppen;66;TRUE
393;2026/04/20 18:07;2026/04/22 07:07;Low;Open;Network issue;William Nicole;37;FALSE
394;2026/04/13 22:49;2026/04/15 08:49;Medium;Open;Network issue;William Nicole;34;TRUE
395;2026/01/11 15:28;2026/01/14 02:28;Critical;Resolved;Email problem;Walt Sizulu;59;TRUE
396;2025/12/09 16:56;2025/12/11 09:56;Low;In progress;Password Reset;Walt Sizulu;41;FALSE
397;2026/02/17 14:42;2026/02/19 09:42;Low;Resolved;Password Reset;Walt Sizulu;43;FALSE
398;2026/04/26 09:56;2026/04/27 12:56;Medium;Resolved;Hardware failure;Alice Lane;27;TRUE
399;2025/12/01 21:53;2025/12/02 00:53;Critical;Open;Network issue;Wit Koppen;3;FALSE
400;2025/12/01 14:01;2025/12/04 06:01;Medium;Resolved;Email problem;Walt Sizulu;64;TRUE
401;2026/03/07 21:51;2026/03/09 05:51;Critical;Open;Software bug;Walt Sizulu;32;TRUE
402;2026/01/10 06:58;2026/01/11 22:58;Critical;Resolved;Email problem;Walt Sizulu;40;TRUE
403;2026/04/20 21:27;2026/04/20 23:27;Critical;Resolved;Email problem;Alice Lane;2;FALSE
404;2026/01/20 05:45;2026/01/20 14:45;Medium;Resolved;Hardware failure;William Nicole;9;FALSE
405;2026/01/02 04:02;2026/01/03 23:02;High;Closed;Password Reset;Walt Sizulu;43;TRUE
406;2025/12/01 03:38;2025/12/01 15:38;High;Resolved;Software bug;Alice Lane;12;FALSE
407;2025/11/13 17:22;2025/11/16 11:22;Critical;In progress;Software bug;Alice Lane;66;TRUE
408;2026/04/14 13:33;2026/04/17 07:33;High;Open;Password Reset;Wit Koppen;66;TRUE
409;2026/02/25 22:33;2026/02/27 14:33;Medium;Resolved;Password Reset;Walt Sizulu;40;TRUE
410;2025/12/08 14:44;2025/12/10 14:44;High;Resolved;Password Reset;Wit Koppen;48;TRUE
411;2025/12/25 12:30;2025/12/27 12:30;High;Open;Software bug;William Nicole;48;TRUE
412;2026/03/28 16:35;2026/03/30 05:35;Medium;Resolved;Hardware failure;Alice Lane;37;TRUE
413;2026/02/24 04:59;2026/02/26 23:59;Low;In progress;Network issue;William Nicole;67;TRUE
414;2026/02/20 20:49;2026/02/21 05:49;Critical;Resolved;Hardware failure;Walt Sizulu;9;TRUE
415;2026/02/18 07:52;2026/02/19 23:52;High;Open;Email problem;Wit Koppen;40;TRUE
416;2026/04/15 02:58;2026/04/15 11:58;Medium;In progress;Hardware failure;Wit Koppen;9;FALSE
417;2025/11/15 17:32;2025/11/16 02:32;High;In progress;Billing;Wit Koppen;9;FALSE
418;2026/01/15 11:12;2026/01/15 23:12;Low;In progress;Network issue;William Nicole;12;FALSE
419;2026/03/14 05:11;2026/03/15 12:11;Medium;Open;Billing;Wit Koppen;31;TRUE
420;2026/03/07 17:41;2026/03/10 00:41;Low;Closed;Hardware failure;William Nicole;55;TRUE
421;2026/02/07 22:45;2026/02/09 15:45;High;Closed;Software bug;William Nicole;41;TRUE
422;2026/02/23 00:51;2026/02/24 15:51;Critical;Resolved;Password Reset;Alice Lane;39;TRUE
423;2026/02/13 04:33;2026/02/15 05:33;Low;Resolved;Network issue;William Nicole;49;TRUE
424;2025/12/31 00:24;2026/01/01 18:24;Critical;Open;Software bug;Wit Koppen;42;TRUE
425;2026/02/14 19:53;2026/02/16 19:53;High;Resolved;Email problem;Alice Lane;48;TRUE
426;2026/03/03 15:58;2026/03/03 18:58;Critical;In progress;Software bug;Alice Lane;3;FALSE
427;2025/12/09 10:22;2025/12/12 02:22;High;Open;Network issue;William Nicole;64;TRUE
428;2026/05/01 14:14;2026/05/03 09:14;Medium;Closed;Hardware failure;Walt Sizulu;43;TRUE
429;2026/04/14 12:11;2026/04/15 19:11;Medium;Resolved;Billing;Walt Sizulu;31;TRUE
430;2026/02/14 05:23;2026/02/14 08:23;Medium;Resolved;Hardware failure;William Nicole;3;FALSE
431;2025/11/06 02:26;2025/11/06 03:26;Medium;Resolved;Hardware failure;William Nicole;1;FALSE
432;2025/12/15 03:33;2025/12/15 21:33;High;Open;Password Reset;Alice Lane;18;TRUE
433;2025/11/28 02:36;2025/11/28 04:36;Medium;Closed;Software bug;Wit Koppen;2;FALSE
434;2026/02/14 15:38;2026/02/16 04:38;Low;In progress;Password Reset;Walt Sizulu;37;FALSE
435;2025/12/21 14:37;2025/12/23 07:37;High;Open;Password Reset;Walt Sizulu;41;TRUE
436;2025/12/18 15:28;2025/12/20 20:28;Low;In progress;Network issue;Walt Sizulu;53;TRUE
437;2025/12/27 20:17;2025/12/30 18:17;Critical;In progress;Hardware failure;William Nicole;70;TRUE
438;2026/04/14 04:19;2026/04/16 18:19;High;Resolved;Password Reset;Wit Koppen;62;TRUE
439;2026/02/25 18:17;2026/02/27 12:17;High;In progress;Email problem;Alice Lane;42;TRUE
440;2026/02/27 03:53;2026/03/01 14:53;Low;In progress;Password Reset;William Nicole;59;TRUE
441;2026/02/18 08:52;2026/02/19 06:52;Medium;Closed;Email problem;Alice Lane;22;FALSE
442;2026/03/02 03:43;2026/03/04 14:43;Critical;Resolved;Billing;Alice Lane;59;TRUE
443;2026/04/23 23:26;2026/04/25 17:26;High;Closed;Billing;Wit Koppen;42;TRUE
444;2025/11/24 21:35;2025/11/26 08:35;High;Open;Hardware failure;William Nicole;35;TRUE
445;2026/01/28 20:41;2026/01/29 10:41;Critical;Closed;Network issue;William Nicole;14;TRUE
446;2026/04/18 16:14;2026/04/20 05:14;Low;In progress;Hardware failure;Walt Sizulu;37;FALSE
447;2025/12/22 11:15;2025/12/25 02:15;High;Closed;Billing;Walt Sizulu;63;TRUE
448;2026/01/27 03:03;2026/01/28 19:03;Low;In progress;Network issue;Walt Sizulu;40;FALSE
449;2026/02/07 01:26;2026/02/07 02:26;Low;In progress;Password Reset;Walt Sizulu;1;FALSE
450;2026/03/14 18:57;2026/03/16 16:57;Critical;Closed;Email problem;Walt Sizulu;46;TRUE
451;2026/04/08 19:58;2026/04/09 16:58;High;Open;Email problem;William Nicole;21;TRUE
452;2025/11/17 12:29;2025/11/17 21:29;Critical;Open;Billing;Walt Sizulu;9;TRUE
453;2025/12/19 01:52;2025/12/21 04:52;Critical;In progress;Billing;Wit Koppen;51;TRUE
454;2025/11/19 21:10;2025/11/22 12:10;Low;Resolved;Email problem;Alice Lane;63;TRUE
455;2026/04/01 12:49;2026/04/01 13:49;Medium;In progress;Email problem;Alice Lane;1;FALSE
456;2026/05/04 14:00;2026/05/07 07:00;Medium;Open;Email problem;Alice Lane;65;TRUE
457;2026/03/30 17:13;2026/03/30 18:13;High;Resolved;Email problem;Alice Lane;1;FALSE
458;2026/02/04 02:15;2026/02/04 12:15;Medium;In progress;Password Reset;William Nicole;10;FALSE
459;2026/01/09 02:49;2026/01/12 02:49;Critical;Open;Software bug;Alice Lane;72;TRUE
460;2025/12/07 20:30;2025/12/09 15:30;Medium;Resolved;Email problem;Wit Koppen;43;TRUE
461;2026/03/23 00:52;2026/03/23 18:52;Low;Resolved;Network issue;Alice Lane;18;FALSE
462;2026/03/30 03:27;2026/03/31 12:27;High;Resolved;Email problem;Alice Lane;33;TRUE
463;2026/02/08 06:05;2026/02/10 03:05;Medium;Closed;Hardware failure;Wit Koppen;45;TRUE
464;2026/03/17 23:04;2026/03/20 09:04;Critical;In progress;Email problem;Walt Sizulu;58;TRUE
465;2025/12/21 23:10;2025/12/23 08:10;High;In progress;Password Reset;Wit Koppen;33;TRUE
466;2025/12/10 16:47;2025/12/11 17:47;High;Open;Billing;Walt Sizulu;25;TRUE
467;2025/11/22 14:02;2025/11/24 02:02;High;In progress;Software bug;Walt Sizulu;36;TRUE
468;2026/01/14 20:57;2026/01/15 07:57;High;Resolved;Network issue;William Nicole;11;FALSE
469;2026/01/09 05:11;2026/01/09 18:11;Medium;Resolved;Billing;Walt Sizulu;13;FALSE
470;2026/03/24 11:46;2026/03/25 15:46;Critical;Closed;Network issue;Alice Lane;28;TRUE
471;2025/12/27 05:02;2025/12/29 17:02;Medium;Open;Password Reset;William Nicole;60;TRUE
472;2026/02/16 21:08;2026/02/18 04:08;Low;Closed;Billing;Wit Koppen;31;FALSE
473;2026/04/27 23:14;2026/04/29 22:14;Medium;In progress;Email problem;Alice Lane;47;TRUE
474;2026/03/11 03:10;2026/03/11 14:10;Medium;In progress;Password Reset;Alice Lane;11;FALSE
475;2025/11/19 21:39;2025/11/21 15:39;Critical;Open;Billing;Walt Sizulu;42;TRUE
476;2026/04/28 05:43;2026/04/30 01:43;Low;Resolved;Hardware failure;Wit Koppen;44;FALSE
477;2026/04/13 12:00;2026/04/15 06:00;Medium;Open;Password Reset;Walt Sizulu;42;TRUE
478;2026/02/18 07:38;2026/02/19 13:38;Critical;Resolved;Hardware failure;William Nicole;30;TRUE
479;2026/04/01 17:14;2026/04/03 20:14;Low;Closed;Billing;William Nicole;51;TRUE
480;2026/02/05 21:23;2026/02/06 06:23;Low;Closed;Email problem;Walt Sizulu;9;FALSE
481;2026/01/28 06:58;2026/01/29 00:58;Low;Closed;Hardware failure;Wit Koppen;18;FALSE
482;2026/05/07 09:09;2026/05/08 02:09;Low;Open;Billing;William Nicole;17;FALSE
483;2025/12/16 08:03;2025/12/18 11:03;Low;Open;Software bug;Wit Koppen;51;TRUE
484;2025/12/05 23:53;2025/12/07 14:53;Low;Closed;Hardware failure;Walt Sizulu;39;FALSE
485;2025/11/17 08:34;2025/11/19 08:34;Critical;Open;Hardware failure;Walt Sizulu;48;TRUE
486;2026/03/09 13:44;2026/03/10 06:44;High;In progress;Network issue;William Nicole;17;TRUE
487;2026/04/02 15:54;2026/04/05 04:54;Medium;Open;Hardware failure;William Nicole;61;TRUE
488;2026/03/27 18:52;2026/03/27 23:52;Critical;Open;Password Reset;Wit Koppen;5;TRUE
489;2026/01/07 20:16;2026/01/08 12:16;Critical;In progress;Hardware failure;William Nicole;16;TRUE
490;2026/03/28 09:10;2026/03/29 02:10;Low;Resolved;Billing;Alice Lane;17;FALSE
491;2025/12/11 07:48;2025/12/14 00:48;Critical;Open;Software bug;Alice Lane;65;TRUE
492;2026/04/06 10:16;2026/04/09 10:16;Critical;In progress;Network issue;Walt Sizulu;72;TRUE
493;2026/01/19 14:34;2026/01/19 17:34;High;Resolved;Password Reset;Alice Lane;3;FALSE
494;2026/03/03 07:47;2026/03/04 06:47;High;Resolved;Email problem;Alice Lane;23;TRUE
495;2026/04/20 20:51;2026/04/20 21:51;Low;Resolved;Billing;Wit Koppen;1;FALSE
496;2026/03/07 23:16;2026/03/10 11:16;Critical;Closed;Software bug;Alice Lane;60;TRUE
497;2026/04/01 14:24;2026/04/02 16:24;Critical;Open;Software bug;William Nicole;26;TRUE
498;2025/11/10 17:00;2025/11/11 14:00;Low;Closed;Hardware failure;Walt Sizulu;21;FALSE
499;2026/01/14 13:15;2026/01/16 15:15;Critical;Closed;Network issue;Alice Lane;50;TRUE
500;2026/02/16 13:06;2026/02/17 20:06;Critical;In progress;Hardware failure;Walt Sizulu;31;TRUE
501;2026/03/04 15:38;2026/03/05 05:38;Critical;In progress;Hardware failure;Walt Sizulu;14;TRUE
502;2026/02/22 07:45;2026/02/22 15:45;Medium;In progress;Billing;Alice Lane;8;FALSE
503;2025/12/27 20:36;2025/12/30 05:36;Low;Open;Network issue;William Nicole;57;TRUE
504;2026/04/12 08:00;2026/04/12 16:00;High;Closed;Network issue;Walt Sizulu;8;FALSE
505;2026/01/29 16:39;2026/01/30 11:39;Critical;In progress;Password Reset;Wit Koppen;19;TRUE
506;2025/11/23 00:28;2025/11/25 21:28;Low;In progress;Network issue;Alice Lane;69;TRUE
507;2025/11/19 08:09;2025/11/20 19:09;Medium;Resolved;Network issue;Walt Sizulu;35;TRUE
508;2026/02/04 00:20;2026/02/04 09:20;Critical;In progress;Billing;William Nicole;9;TRUE
509;2025/11/23 23:12;2025/11/24 17:12;Low;Open;Hardware failure;William Nicole;18;FALSE
510;2025/12/08 18:55;2025/12/08 22:55;Low;Resolved;Password Reset;William Nicole;4;FALSE
511;2025/12/17 15:59;2025/12/19 16:59;Low;Closed;Network issue;Walt Sizulu;49;TRUE
512;2025/11/11 09:07;2025/11/12 01:07;Low;Closed;Email problem;William Nicole;16;FALSE
513;2025/11/24 05:12;2025/11/25 18:12;Medium;Closed;Network issue;William Nicole;37;TRUE
514;2025/11/19 13:44;2025/11/21 21:44;Low;Open;Hardware failure;William Nicole;56;TRUE
515;2026/01/23 19:19;2026/01/24 08:19;Critical;Closed;Network issue;Alice Lane;13;TRUE
516;2025/12/15 17:50;2025/12/17 16:50;Low;Closed;Billing;William Nicole;47;FALSE
517;2025/12/29 00:00;2025/12/29 15:00;Low;Open;Network issue;Wit Koppen;15;FALSE
518;2026/03/18 12:41;2026/03/20 20:41;High;Closed;Software bug;Wit Koppen;56;TRUE
519;2025/12/09 01:16;2025/12/09 10:16;Medium;Closed;Hardware failure;Alice Lane;9;FALSE
520;2025/12/16 14:41;2025/12/18 12:41;Low;In progress;Hardware failure;Wit Koppen;46;FALSE
521;2026/04/01 00:58;2026/04/03 14:58;Critical;Open;Hardware failure;Wit Koppen;62;TRUE
522;2026/02/09 18:42;2026/02/10 09:42;Medium;Open;Billing;William Nicole;15;FALSE
523;2026/05/07 09:24;2026/05/08 21:24;Critical;Open;Password Reset;Alice Lane;36;TRUE
524;2026/04/05 20:56;2026/04/08 05:56;Medium;In progress;Email problem;Alice Lane;57;TRUE
525;2026/04/07 15:05;2026/04/10 15:05;High;Resolved;Software bug;Alice Lane;72;TRUE
526;2026/03/03 01:29;2026/03/03 17:29;Medium;In progress;Software bug;William Nicole;16;FALSE
527;2026/02/05 09:29;2026/02/06 07:29;Critical;Resolved;Network issue;Wit Koppen;22;TRUE
528;2025/12/03 22:00;2025/12/05 18:00;High;Resolved;Network issue;Walt Sizulu;44;TRUE
529;2025/11/25 04:36;2025/11/26 18:36;Medium;In progress;Email problem;Wit Koppen;38;TRUE
530;2026/03/07 09:48;2026/03/07 18:48;High;Resolved;Hardware failure;William Nicole;9;FALSE
531;2026/03/25 02:20;2026/03/26 19:20;Critical;Resolved;Password Reset;Wit Koppen;41;TRUE
532;2025/12/23 06:47;2025/12/25 01:47;Low;Open;Billing;William Nicole;43;FALSE
533;2026/01/09 22:12;2026/01/12 06:12;Medium;Open;Password Reset;William Nicole;56;TRUE
534;2026/01/05 23:37;2026/01/06 10:37;High;Open;Email problem;Alice Lane;11;FALSE
535;2026/03/06 14:55;2026/03/08 15:55;High;In progress;Billing;Alice Lane;49;TRUE
536;2026/04/27 00:58;2026/04/29 02:58;Medium;Resolved;Email problem;William Nicole;50;TRUE
537;2026/04/11 02:54;2026/04/13 22:54;High;Open;Email problem;Wit Koppen;68;TRUE
538;2026/01/04 18:37;2026/01/05 10:37;High;Open;Hardware failure;Wit Koppen;16;TRUE
539;2026/01/24 21:59;2026/01/27 16:59;Critical;Resolved;Software bug;Wit Koppen;67;TRUE
540;2026/02/06 15:53;2026/02/06 23:53;Critical;In progress;Email problem;Walt Sizulu;8;TRUE
541;2026/04/26 06:04;2026/04/27 17:04;Medium;Closed;Email problem;Wit Koppen;35;TRUE
542;2026/04/29 06:55;2026/04/30 08:55;Medium;Closed;Email problem;William Nicole;26;TRUE
543;2026/04/12 03:57;2026/04/13 00:57;High;Closed;Network issue;Wit Koppen;21;TRUE
544;2026/02/22 10:10;2026/02/24 08:10;High;In progress;Software bug;Alice Lane;46;TRUE
545;2025/11/26 07:05;2025/11/27 14:05;Low;Closed;Hardware failure;Walt Sizulu;31;FALSE
546;2026/01/21 01:41;2026/01/22 02:41;Medium;In progress;Hardware failure;William Nicole;25;TRUE
547;2026/03/12 07:48;2026/03/14 17:48;Critical;In progress;Email problem;Walt Sizulu;58;TRUE
548;2026/03/25 04:53;2026/03/25 08:53;Critical;Closed;Password Reset;Alice Lane;4;FALSE
549;2026/03/26 08:25;2026/03/27 17:25;Low;Resolved;Hardware failure;Alice Lane;33;FALSE
550;2025/11/10 10:37;2025/11/11 00:37;Medium;In progress;Email problem;Wit Koppen;14;FALSE
551;2026/02/24 04:36;2026/02/26 18:36;Critical;Resolved;Password Reset;Walt Sizulu;62;TRUE
552;2026/03/31 08:45;2026/03/31 15:45;Low;Closed;Password Reset;Alice Lane;7;FALSE
553;2026/04/05 18:10;2026/04/07 21:10;Critical;Resolved;Email problem;Wit Koppen;51;TRUE
554;2026/05/02 09:24;2026/05/02 15:24;Critical;Open;Hardware failure;Walt Sizulu;6;TRUE
555;2026/02/14 18:26;2026/02/17 03:26;Critical;Closed;Software bug;William Nicole;57;TRUE
556;2025/11/25 03:23;2025/11/27 21:23;High;In progress;Software bug;Alice Lane;66;TRUE
557;2025/12/19 17:31;2025/12/20 07:31;Critical;In progress;Email problem;Wit Koppen;14;TRUE
558;2026/03/15 22:05;2026/03/16 21:05;Medium;Open;Network issue;William Nicole;23;FALSE
559;2026/04/15 21:54;2026/04/17 10:54;Low;In progress;Password Reset;Walt Sizulu;37;FALSE
560;2026/01/03 11:26;2026/01/05 18:26;High;Closed;Email problem;William Nicole;55;TRUE
561;2026/01/16 06:11;2026/01/17 00:11;Low;Closed;Password Reset;Alice Lane;18;FALSE
562;2025/11/16 08:43;2025/11/18 23:43;High;Resolved;Software bug;Walt Sizulu;63;TRUE
563;2026/01/25 09:39;2026/01/25 11:39;High;Open;Billing;Wit Koppen;2;FALSE
564;2025/12/13 16:40;2025/12/14 14:40;High;Resolved;Hardware failure;Alice Lane;22;TRUE
565;2026/02/01 16:41;2026/02/03 15:41;Medium;In progress;Software bug;William Nicole;47;TRUE
566;2025/12/23 22:00;2025/12/25 17:00;Medium;Closed;Network issue;William Nicole;43;TRUE
567;2026/02/05 19:29;2026/02/07 11:29;Medium;Open;Billing;Wit Koppen;40;TRUE
568;2025/12/27 13:37;2025/12/27 21:37;Medium;Closed;Password Reset;Alice Lane;8;FALSE
569;2025/11/16 23:27;2025/11/17 19:27;Critical;In progress;Email problem;Alice Lane;20;TRUE
570;2026/01/27 15:06;2026/01/29 08:06;Medium;Closed;Software bug;Walt Sizulu;41;TRUE
571;2025/12/06 17:42;2025/12/09 17:42;Medium;Resolved;Hardware failure;Alice Lane;72;TRUE
572;2026/04/01 01:49;2026/04/02 07:49;Critical;Closed;Software bug;Walt Sizulu;30;TRUE
573;2025/12/01 07:09;2025/12/04 07:09;High;Closed;Password Reset;Walt Sizulu;72;TRUE
574;2026/01/26 07:12;2026/01/27 03:12;Medium;Open;Email problem;Walt Sizulu;20;FALSE
575;2026/03/17 06:29;2026/03/17 11:29;Critical;Closed;Network issue;William Nicole;5;TRUE
576;2025/12/08 22:43;2025/12/09 04:43;Critical;Resolved;Hardware failure;Alice Lane;6;TRUE
577;2025/11/23 09:40;2025/11/24 03:40;Critical;Closed;Network issue;Wit Koppen;18;TRUE
578;2026/03/20 23:52;2026/03/22 08:52;Critical;Resolved;Billing;Wit Koppen;33;TRUE
579;2025/11/28 14:50;2025/11/30 16:50;Critical;Open;Email problem;Walt Sizulu;50;TRUE
580;2025/11/23 08:13;2025/11/23 23:13;High;Closed;Hardware failure;William Nicole;15;TRUE
581;2026/02/24 06:39;2026/02/26 12:39;Medium;In progress;Password Reset;William Nicole;54;TRUE
582;2026/01/01 13:35;2026/01/04 10:35;High;In progress;Billing;Alice Lane;69;TRUE
583;2026/05/02 02:05;2026/05/03 09:05;Critical;Resolved;Software bug;William Nicole;31;TRUE
584;2026/02/26 09:37;2026/02/27 10:37;Critical;Open;Email problem;Alice Lane;25;TRUE
585;2025/11/26 08:56;2025/11/28 02:56;Low;Closed;Network issue;Walt Sizulu;42;FALSE
586;2026/02/18 23:44;2026/02/20 15:44;Medium;In progress;Software bug;Alice Lane;40;TRUE
587;2026/01/28 17:44;2026/01/31 10:44;Low;Resolved;Billing;Alice Lane;65;TRUE
588;2026/02/05 16:06;2026/02/05 20:06;Low;In progress;Network issue;Wit Koppen;4;FALSE
589;2026/03/20 03:36;2026/03/21 15:36;Critical;In progress;Hardware failure;William Nicole;36;TRUE
590;2026/02/12 20:22;2026/02/14 21:22;Critical;Closed;Hardware failure;William Nicole;49;TRUE
591;2026/04/18 15:01;2026/04/19 06:01;Critical;Resolved;Network issue;William Nicole;15;TRUE
592;2025/11/22 12:19;2025/11/24 12:19;Low;Open;Hardware failure;Alice Lane;48;FALSE
593;2025/12/29 23:58;2025/12/30 18:58;Medium;In progress;Billing;Alice Lane;19;FALSE
594;2026/01/24 23:11;2026/01/25 13:11;High;Resolved;Hardware failure;Walt Sizulu;14;TRUE
595;2026/01/07 10:47;2026/01/08 05:47;Critical;Closed;Email problem;Wit Koppen;19;TRUE
596;2026/05/01 08:55;2026/05/03 10:55;Critical;Open;Hardware failure;Alice Lane;50;TRUE
597;2026/01/13 11:14;2026/01/16 02:14;Critical;Open;Hardware failure;Wit Koppen;63;TRUE
598;2026/03/19 11:21;2026/03/21 17:21;Low;In progress;Password Reset;Walt Sizulu;54;TRUE
599;2025/12/13 01:09;2025/12/15 18:09;Low;In progress;Software bug;Alice Lane;65;TRUE
600;2025/12/16 11:46;2025/12/18 17:46;Low;Closed;Software bug;Walt Sizulu;54;TRUE
601;2026/02/24 08:00;2026/02/25 02:00;Medium;Closed;Email problem;Walt Sizulu;18;FALSE
602;2026/04/03 21:03;2026/04/05 06:03;High;Open;Password Reset;William Nicole;33;TRUE
603;2026/02/25 08:21;2026/02/25 18:21;Critical;In progress;Email problem;Alice Lane;10;TRUE
604;2026/03/26 22:41;2026/03/28 12:41;Medium;Resolved;Network issue;William Nicole;38;TRUE
605;2025/12/11 05:04;2025/12/11 19:04;Medium;Resolved;Billing;Walt Sizulu;14;FALSE
606;2026/01/25 23:18;2026/01/26 12:18;Low;Open;Email problem;Alice Lane;13;FALSE
607;2026/05/06 05:26;2026/05/06 16:26;High;Closed;Hardware failure;Walt Sizulu;11;FALSE
608;2025/11/06 06:02;2025/11/07 13:02;Critical;Open;Software bug;Alice Lane;31;TRUE
609;2026/04/06 00:18;2026/04/06 19:18;Critical;Resolved;Billing;William Nicole;19;TRUE
610;2025/12/16 20:59;2025/12/19 05:59;Medium;In progress;Password Reset;William Nicole;57;TRUE
611;2026/02/16 09:45;2026/02/18 22:45;Low;Open;Billing;Alice Lane;61;TRUE
612;2026/01/06 23:27;2026/01/07 18:27;High;Open;Network issue;Walt Sizulu;19;TRUE
613;2025/12/05 16:24;2025/12/05 18:24;Critical;In progress;Network issue;William Nicole;2;FALSE
614;2026/03/02 07:36;2026/03/04 10:36;Low;Open;Network issue;Walt Sizulu;51;TRUE
615;2025/11/27 06:57;2025/11/27 16:57;Critical;In progress;Billing;Wit Koppen;10;TRUE
616;2026/04/02 13:14;2026/04/04 18:14;Medium;Resolved;Network issue;Walt Sizulu;53;TRUE
617;2026/02/12 23:26;2026/02/13 12:26;Critical;In progress;Software bug;William Nicole;13;TRUE
618;2026/03/31 17:57;2026/04/01 16:57;Critical;Open;Hardware failure;Wit Koppen;23;TRUE
619;2026/04/27 13:08;2026/04/29 12:08;Critical;Open;Hardware failure;Walt Sizulu;47;TRUE
620;2025/12/25 12:08;2025/12/27 16:08;Medium;Resolved;Software bug;William Nicole;52;TRUE
621;2026/01/05 12:38;2026/01/07 01:38;Medium;In progress;Billing;Wit Koppen;37;TRUE
622;2026/03/09 09:44;2026/03/12 07:44;Low;Closed;Software bug;Walt Sizulu;70;TRUE
623;2025/12/24 03:23;2025/12/25 19:23;Medium;In progress;Password Reset;William Nicole;40;TRUE
624;2026/01/02 11:57;2026/01/02 20:57;Low;Closed;Network issue;William Nicole;9;FALSE
625;2025/12/10 18:24;2025/12/10 23:24;High;In progress;Password Reset;Wit Koppen;5;FALSE
626;2026/04/11 15:27;2026/04/11 20:27;Medium;Resolved;Password Reset;Walt Sizulu;5;FALSE
627;2026/01/31 19:24;2026/02/01 15:24;Medium;Open;Software bug;Walt Sizulu;20;FALSE
628;2026/02/24 06:04;2026/02/27 04:04;High;In progress;Network issue;Walt Sizulu;70;TRUE
629;2026/04/14 06:37;2026/04/16 18:37;Low;In progress;Billing;William Nicole;60;TRUE
630;2026/04/08 20:46;2026/04/09 18:46;High;Resolved;Software bug;Alice Lane;22;TRUE
631;2026/05/01 09:22;2026/05/03 18:22;High;Closed;Email problem;Wit Koppen;57;TRUE
632;2026/04/07 13:24;2026/04/09 03:24;Medium;Resolved;Hardware failure;William Nicole;38;TRUE
633;2026/01/21 11:39;2026/01/23 17:39;Medium;In progress;Password Reset;William Nicole;54;TRUE
634;2025/11/07 13:22;2025/11/09 16:22;High;In progress;Hardware failure;William Nicole;51;TRUE
635;2026/01/29 07:19;2026/01/29 19:19;High;Open;Billing;Alice Lane;12;FALSE
636;2026/04/04 23:41;2026/04/05 09:41;Critical;Resolved;Password Reset;Wit Koppen;10;TRUE
637;2026/03/04 03:15;2026/03/06 08:15;Critical;Resolved;Email problem;Walt Sizulu;53;TRUE
638;2026/01/31 21:47;2026/02/01 05:47;Critical;Open;Billing;Wit Koppen;8;TRUE
639;2026/01/30 06:25;2026/02/02 02:25;Medium;Resolved;Email problem;Wit Koppen;68;TRUE
640;2025/12/03 08:10;2025/12/04 00:10;Medium;In progress;Email problem;William Nicole;16;FALSE
641;2025/12/28 05:19;2025/12/29 07:19;Medium;Resolved;Email problem;William Nicole;26;TRUE
642;2026/05/05 09:43;2026/05/07 21:43;Critical;In progress;Password Reset;Alice Lane;60;TRUE
643;2026/03/31 16:20;2026/04/01 04:20;Medium;In progress;Billing;Wit Koppen;12;FALSE
644;2026/05/04 04:39;2026/05/05 09:39;Low;Resolved;Billing;Walt Sizulu;29;FALSE
645;2025/12/25 12:29;2025/12/28 03:29;Low;Open;Network issue;Wit Koppen;63;TRUE
646;2025/11/22 21:05;2025/11/24 00:05;High;Open;Billing;Alice Lane;27;TRUE
647;2025/12/10 13:50;2025/12/11 05:50;Medium;Open;Email problem;Wit Koppen;16;FALSE
648;2026/05/03 07:39;2026/05/05 17:39;Critical;In progress;Network issue;William Nicole;58;TRUE
649;2026/03/15 17:14;2026/03/17 19:14;Low;Resolved;Hardware failure;Walt Sizulu;50;TRUE
650;2025/11/28 19:31;2025/11/30 11:31;Medium;Resolved;Email problem;William Nicole;40;TRUE
651;2026/04/02 23:36;2026/04/03 10:36;Medium;Open;Password Reset;William Nicole;11;FALSE
652;2026/04/23 19:50;2026/04/26 11:50;Medium;Open;Software bug;William Nicole;64;TRUE
653;2026/03/27 02:59;2026/03/29 09:59;Critical;Open;Billing;Wit Koppen;55;TRUE
654;2025/12/23 02:02;2025/12/25 22:02;Medium;Closed;Email problem;Walt Sizulu;68;TRUE
655;2026/04/03 17:26;2026/04/05 04:26;Critical;Open;Network issue;Alice Lane;35;TRUE
656;2025/12/09 00:19;2025/12/11 01:19;Low;Open;Software bug;Walt Sizulu;49;TRUE
657;2026/03/24 10:25;2026/03/27 07:25;Critical;In progress;Network issue;Walt Sizulu;69;TRUE
658;2025/12/13 06:17;2025/12/16 05:17;Low;Closed;Software bug;Alice Lane;71;TRUE
659;2026/03/11 08:40;2026/03/14 02:40;Critical;Closed;Network issue;Wit Koppen;66;TRUE
660;2026/01/01 02:16;2026/01/02 11:16;Low;Open;Network issue;Walt Sizulu;33;FALSE
661;2026/02/11 16:16;2026/02/12 17:16;Medium;Open;Billing;Walt Sizulu;25;TRUE
662;2026/02/08 06:21;2026/02/09 15:21;High;Resolved;Email problem;William Nicole;33;TRUE
663;2026/03/20 01:36;2026/03/21 03:36;Medium;In progress;Software bug;Wit Koppen;26;TRUE
664;2025/12/01 11:04;2025/12/03 07:04;High;Closed;Email problem;Walt Sizulu;44;TRUE
665;2026/04/22 07:15;2026/04/24 21:15;Medium;Closed;Password Reset;Walt Sizulu;62;TRUE
666;2025/12/02 11:01;2025/12/05 11:01;High;In progress;Password Reset;Walt Sizulu;72;TRUE
667;2026/03/05 12:49;2026/03/08 04:49;Critical;Resolved;Network issue;William Nicole;64;TRUE
668;2026/04/17 12:28;2026/04/19 21:28;Medium;Open;Password Reset;Wit Koppen;57;TRUE
669;2026/02/09 14:56;2026/02/10 16:56;High;Closed;Email problem;William Nicole;26;TRUE
670;2026/04/05 17:45;2026/04/07 02:45;Critical;Resolved;Email problem;Alice Lane;33;TRUE
671;2025/12/14 00:33;2025/12/14 17:33;Critical;Resolved;Software bug;Walt Sizulu;17;TRUE
672;2026/01/07 08:30;2026/01/09 07:30;Medium;Open;Network issue;William Nicole;47;TRUE
673;2026/01/19 22:39;2026/01/22 08:39;Critical;Resolved;Hardware failure;Walt Sizulu;58;TRUE
674;2026/01/27 02:59;2026/01/27 19:59;Medium;Closed;Hardware failure;Wit Koppen;17;FALSE
675;2025/11/27 06:35;2025/11/27 20:35;Critical;Open;Email problem;Alice Lane;14;TRUE
676;2026/02/19 12:51;2026/02/20 05:51;High;In progress;Billing;Alice Lane;17;TRUE
677;2026/03/02 13:32;2026/03/02 19:32;Critical;In progress;Password Reset;Walt Sizulu;6;TRUE
678;2025/11/30 06:32;2025/11/30 09:32;Medium;In progress;Password Reset;William Nicole;3;FALSE
679;2026/04/15 20:57;2026/04/17 19:57;Medium;Resolved;Password Reset;William Nicole;47;TRUE
680;2025/12/03 20:18;2025/12/06 01:18;Low;Open;Software bug;Alice Lane;53;TRUE
681;2026/03/16 08:25;2026/03/18 23:25;Critical;In progress;Billing;Wit Koppen;63;TRUE
682;2026/04/08 14:49;2026/04/09 02:49;Low;Open;Email problem;Wit Koppen;12;FALSE
683;2026/02/01 16:40;2026/02/04 12:40;Medium;Resolved;Network issue;Wit Koppen;68;TRUE
684;2026/05/01 13:41;2026/05/01 20:41;Medium;Open;Software bug;Wit Koppen;7;FALSE
685;2026/04/15 17:33;2026/04/16 06:33;Low;Resolved;Software bug;Alice Lane;13;FALSE
686;2026/03/26 06:16;2026/03/29 05:16;Medium;In progress;Network issue;Wit Koppen;71;TRUE
687;2026/05/04 09:58;2026/05/05 13:58;Low;In progress;Software bug;Walt Sizulu;28;FALSE
688;2026/03/12 22:29;2026/03/13 17:29;Critical;In progress;Email problem;Wit Koppen;19;TRUE
689;2026/01/14 14:57;2026/01/16 07:57;Medium;Open;Software bug;William Nicole;41;TRUE
690;2025/11/14 15:27;2025/11/15 13:27;High;Closed;Network issue;Alice Lane;22;TRUE
691;2026/03/22 03:09;2026/03/23 00:09;Low;Resolved;Hardware failure;Wit Koppen;21;FALSE
692;2026/03/30 02:44;2026/03/30 08:44;High;Resolved;Hardware failure;Alice Lane;6;FALSE
693;2026/04/26 04:05;2026/04/26 17:05;High;Closed;Password Reset;Wit Koppen;13;TRUE
694;2026/03/27 23:14;2026/03/29 07:14;Critical;In progress;Software bug;Wit Koppen;32;TRUE
695;2026/04/13 16:22;2026/04/16 06:22;Medium;Open;Email problem;Wit Koppen;62;TRUE
696;2026/01/30 02:45;2026/02/01 15:45;Critical;Closed;Software bug;Alice Lane;61;TRUE
697;2025/12/06 20:15;2025/12/08 11:15;Low;In progress;Email problem;Wit Koppen;39;FALSE
698;2025/12/16 05:08;2025/12/16 20:08;High;In progress;Network issue;William Nicole;15;TRUE
699;2026/02/24 07:57;2026/02/24 09:57;Low;Open;Hardware failure;Walt Sizulu;2;FALSE
700;2026/03/07 14:28;2026/03/09 20:28;Low;Resolved;Network issue;Alice Lane;54;TRUE
701;2026/04/12 21:10;2026/04/14 01:10;Medium;Open;Network issue;Walt Sizulu;28;TRUE
702;2025/11/07 08:15;2025/11/09 14:15;Critical;Closed;Network issue;Alice Lane;54;TRUE
703;2025/11/21 01:53;2025/11/23 04:53;Critical;Open;Email problem;Alice Lane;51;TRUE
704;2026/02/17 06:52;2026/02/19 23:52;Low;In progress;Network issue;Wit Koppen;65;TRUE
705;2026/02/14 09:06;2026/02/15 06:06;Critical;Closed;Network issue;Walt Sizulu;21;TRUE
706;2026/03/06 22:08;2026/03/08 23:08;High;Open;Software bug;William Nicole;49;TRUE
707;2026/02/25 12:26;2026/02/27 19:26;High;In progress;Email problem;William Nicole;55;TRUE
708;2026/05/03 14:22;2026/05/03 23:22;Medium;In progress;Password Reset;Walt Sizulu;9;FALSE
709;2025/11/14 17:36;2025/11/17 04:36;High;Closed;Software bug;Alice Lane;59;TRUE
710;2025/12/20 13:28;2025/12/22 13:28;Medium;Open;Network issue;William Nicole;48;TRUE
711;2026/05/06 15:09;2026/05/09 03:09;Medium;Resolved;Software bug;Alice Lane;60;TRUE
712;2025/11/26 10:20;2025/11/29 09:20;High;Resolved;Email problem;Wit Koppen;71;TRUE
713;2026/04/07 19:35;2026/04/08 12:35;High;Resolved;Hardware failure;Wit Koppen;17;TRUE
714;2026/03/18 11:04;2026/03/19 20:04;Critical;Closed;Billing;William Nicole;33;TRUE
715;2026/04/29 08:11;2026/04/30 16:11;Critical;In progress;Software bug;Walt Sizulu;32;TRUE
716;2026/03/21 04:11;2026/03/22 16:11;Low;Resolved;Billing;Wit Koppen;36;FALSE
717;2026/01/21 02:32;2026/01/21 21:32;High;Closed;Password Reset;Walt Sizulu;19;TRUE
718;2026/03/16 18:23;2026/03/18 17:23;Critical;In progress;Billing;Walt Sizulu;47;TRUE
719;2025/12/24 20:33;2025/12/26 23:33;Medium;In progress;Network issue;William Nicole;51;TRUE
720;2026/03/28 09:55;2026/03/30 06:55;Critical;Open;Hardware failure;William Nicole;45;TRUE
721;2026/01/19 07:55;2026/01/19 15:55;Critical;Closed;Software bug;Wit Koppen;8;TRUE
722;2026/03/17 07:14;2026/03/19 23:14;Critical;In progress;Software bug;Walt Sizulu;64;TRUE
723;2026/03/05 20:51;2026/03/08 03:51;High;Resolved;Password Reset;Alice Lane;55;TRUE
724;2026/03/19 05:59;2026/03/19 16:59;Critical;In progress;Hardware failure;Wit Koppen;11;TRUE
725;2025/12/29 07:52;2025/12/31 16:52;Critical;Closed;Hardware failure;Walt Sizulu;57;TRUE
726;2026/04/23 19:48;2026/04/25 13:48;Medium;In progress;Password Reset;Alice Lane;42;TRUE
727;2026/04/19 21:00;2026/04/20 02:00;Low;In progress;Billing;Walt Sizulu;5;FALSE
728;2026/01/27 04:17;2026/01/27 21:17;Critical;Open;Billing;William Nicole;17;TRUE
729;2026/04/28 11:42;2026/04/28 16:42;High;Open;Email problem;William Nicole;5;FALSE
730;2026/04/22 03:27;2026/04/22 11:27;Low;Closed;Password Reset;Walt Sizulu;8;FALSE
731;2026/03/19 03:55;2026/03/20 00:55;Medium;Resolved;Software bug;Alice Lane;21;FALSE
732;2026/03/29 06:51;2026/03/31 19:51;Low;Resolved;Hardware failure;Walt Sizulu;61;TRUE
733;2026/01/10 19:39;2026/01/12 05:39;Low;Open;Password Reset;Walt Sizulu;34;FALSE
734;2026/05/02 15:47;2026/05/03 23:47;Low;Open;Password Reset;Alice Lane;32;FALSE
735;2025/11/18 18:17;2025/11/19 10:17;Medium;Resolved;Network issue;Alice Lane;16;FALSE
736;2025/12/10 21:13;2025/12/13 00:13;High;Closed;Email problem;Wit Koppen;51;TRUE
737;2026/05/06 05:26;2026/05/07 18:26;Low;Open;Network issue;Wit Koppen;37;FALSE
738;2026/04/14 04:53;2026/04/15 02:53;Medium;Closed;Network issue;William Nicole;22;FALSE
739;2026/02/22 10:13;2026/02/23 08:13;Medium;Closed;Password Reset;Wit Koppen;22;FALSE
740;2026/03/23 10:20;2026/03/24 16:20;Low;Closed;Hardware failure;William Nicole;30;FALSE
741;2026/02/22 13:29;2026/02/23 03:29;Low;In progress;Network issue;Alice Lane;14;FALSE
742;2025/12/09 09:09;2025/12/12 03:09;High;Resolved;Hardware failure;Walt Sizulu;66;TRUE
743;2025/11/18 12:25;2025/11/20 21:25;High;Resolved;Email problem;Walt Sizulu;57;TRUE
744;2026/01/17 03:43;2026/01/19 16:43;Medium;Open;Email problem;Walt Sizulu;61;TRUE
745;2025/12/24 00:09;2025/12/25 08:09;Critical;Resolved;Billing;Wit Koppen;32;TRUE
746;2026/04/30 14:26;2026/05/02 17:26;Critical;In progress;Password Reset;Wit Koppen;51;TRUE
747;2026/04/20 13:17;2026/04/20 21:17;Low;Resolved;Hardware failure;Wit Koppen;8;FALSE
748;2026/04/26 08:02;2026/04/26 15:02;Critical;Closed;Hardware failure;Walt Sizulu;7;TRUE
749;2025/11/28 19:14;2025/11/29 04:14;Medium;In progress;Billing;Walt Sizulu;9;FALSE
750;2026/03/26 22:54;2026/03/29 03:54;Low;Closed;Billing;Wit Koppen;53;TRUE
751;2025/11/23 11:54;2025/11/23 17:54;Medium;Resolved;Hardware failure;William Nicole;6;FALSE
752;2025/12/03 17:32;2025/12/06 10:32;Critical;Open;Billing;Alice Lane;65;TRUE
753;2026/04/29 21:00;2026/04/30 10:00;Medium;Resolved;Software bug;Walt Sizulu;13;FALSE
754;2026/03/31 07:23;2026/04/02 22:23;High;Resolved;Billing;Walt Sizulu;63;TRUE
755;2026/03/18 08:09;2026/03/20 04:09;Critical;Closed;Email problem;Wit Koppen;44;TRUE
756;2025/12/03 23:24;2025/12/04 19:24;Critical;Open;Password Reset;Alice Lane;20;TRUE
757;2025/11/18 07:20;2025/11/21 06:20;Critical;Resolved;Software bug;Alice Lane;71;TRUE
758;2026/03/17 02:00;2026/03/17 04:00;Medium;Closed;Network issue;Wit Koppen;2;FALSE
759;2025/11/29 05:38;2025/12/01 12:38;High;Resolved;Billing;Wit Koppen;55;TRUE
760;2026/01/26 12:27;2026/01/27 10:27;High;Closed;Software bug;Wit Koppen;22;TRUE
761;2025/11/22 09:07;2025/11/24 04:07;Medium;In progress;Network issue;Walt Sizulu;43;TRUE
762;2025/11/27 21:03;2025/11/28 12:03;Low;Open;Email problem;Walt Sizulu;15;FALSE
763;2025/11/25 16:12;2025/11/27 16:12;High;In progress;Billing;Wit Koppen;48;TRUE
764;2025/11/23 22:03;2025/11/26 16:03;Critical;Resolved;Password Reset;William Nicole;66;TRUE
765;2026/01/13 02:21;2026/01/16 00:21;High;In progress;Software bug;Alice Lane;70;TRUE
766;2026/03/15 20:15;2026/03/17 06:15;Critical;Resolved;Network issue;Walt Sizulu;34;TRUE
767;2026/05/02 14:49;2026/05/04 23:49;Medium;Open;Password Reset;Walt Sizulu;57;TRUE
768;2026/01/15 02:56;2026/01/17 20:56;High;Closed;Hardware failure;Alice Lane;66;TRUE
769;2026/04/16 04:07;2026/04/18 11:07;Low;Resolved;Billing;William Nicole;55;TRUE
770;2026/01/23 02:07;2026/01/25 07:07;Critical;Closed;Billing;Alice Lane;53;TRUE
771;2026/02/07 10:52;2026/02/08 05:52;Low;Open;Email problem;Walt Sizulu;19;FALSE
772;2026/05/06 15:59;2026/05/09 14:59;Low;In progress;Billing;Wit Koppen;71;TRUE
773;2026/01/12 22:20;2026/01/14 09:20;Low;In progress;Network issue;Walt Sizulu;35;FALSE
774;2026/01/21 23:50;2026/01/24 01:50;Low;Closed;Hardware failure;William Nicole;50;TRUE
775;2026/04/20 23:36;2026/04/23 14:36;Critical;Resolved;Network issue;Wit Koppen;63;TRUE
776;2026/03/20 06:24;2026/03/20 13:24;Medium;Closed;Password Reset;Alice Lane;7;FALSE
777;2025/12/20 09:57;2025/12/20 20:57;High;Closed;Hardware failure;William Nicole;11;FALSE
778;2026/02/14 03:56;2026/02/14 20:56;Low;In progress;Billing;Walt Sizulu;17;FALSE
779;2026/02/24 11:57;2026/02/25 04:57;Low;Closed;Software bug;Walt Sizulu;17;FALSE
780;2026/02/12 04:54;2026/02/12 07:54;Low;Resolved;Hardware failure;Wit Koppen;3;FALSE
781;2026/05/04 09:49;2026/05/06 05:49;Low;Resolved;Password Reset;Wit Koppen;44;FALSE
782;2026/04/30 21:31;2026/05/02 04:31;Medium;Resolved;Billing;Alice Lane;31;TRUE
783;2026/03/23 21:03;2026/03/25 17:03;Critical;Open;Billing;William Nicole;44;TRUE
784;2026/02/13 20:12;2026/02/15 03:12;Medium;Open;Password Reset;Wit Koppen;31;TRUE
785;2026/01/17 21:13;2026/01/20 02:13;High;In progress;Software bug;Alice Lane;53;TRUE
786;2026/02/23 17:40;2026/02/25 13:40;High;In progress;Hardware failure;William Nicole;44;TRUE
787;2026/01/17 17:56;2026/01/20 15:56;Low;Open;Software bug;Walt Sizulu;70;TRUE
788;2025/12/20 03:26;2025/12/21 09:26;High;In progress;Billing;Wit Koppen;30;TRUE
789;2026/03/16 16:52;2026/03/19 06:52;Critical;In progress;Password Reset;Alice Lane;62;TRUE
790;2026/01/26 00:25;2026/01/26 10:25;Low;Open;Hardware failure;William Nicole;10;FALSE
791;2026/04/08 01:10;2026/04/08 21:10;Low;Closed;Hardware failure;William Nicole;20;FALSE
792;2026/01/07 09:25;2026/01/09 00:25;Low;Open;Email problem;Wit Koppen;39;FALSE
793;2026/01/04 12:05;2026/01/05 13:05;Medium;Closed;Password Reset;William Nicole;25;TRUE
794;2026/03/04 21:35;2026/03/05 07:35;Critical;Open;Billing;Walt Sizulu;10;TRUE
795;2026/05/02 04:57;2026/05/04 00:57;High;Closed;Network issue;Alice Lane;44;TRUE
796;2026/04/13 07:30;2026/04/15 22:30;Critical;Open;Billing;Wit Koppen;63;TRUE
797;2025/12/29 15:43;2025/12/29 21:43;High;Resolved;Password Reset;William Nicole;6;FALSE
798;2026/03/26 08:06;2026/03/26 11:06;High;Closed;Hardware failure;Walt Sizulu;3;FALSE
799;2026/01/08 09:54;2026/01/11 04:54;High;Open;Email problem;Alice Lane;67;TRUE
800;2026/02/06 17:26;2026/02/07 05:26;Low;Closed;Network issue;William Nicole;12;FALSE
801;2026/05/01 22:16;2026/05/03 06:16;Critical;Resolved;Password Reset;Wit Koppen;32;TRUE
802;2025/11/16 18:36;2025/11/19 15:36;Low;Open;Password Reset;Alice Lane;69;TRUE
803;2026/04/22 02:56;2026/04/22 23:56;Critical;In progress;Billing;Wit Koppen;21;TRUE
804;2025/12/17 23:13;2025/12/18 17:13;High;Resolved;Billing;Walt Sizulu;18;TRUE
805;2026/01/09 11:13;2026/01/11 04:13;High;Closed;Hardware failure;William Nicole;41;TRUE
806;2026/03/30 15:10;2026/04/01 23:10;Critical;Open;Hardware failure;Wit Koppen;56;TRUE
807;2026/04/01 21:33;2026/04/02 00:33;High;In progress;Software bug;Wit Koppen;3;FALSE
808;2026/02/14 04:46;2026/02/17 04:46;Critical;Resolved;Hardware failure;Alice Lane;72;TRUE
809;2025/11/30 09:52;2025/12/01 20:52;Medium;Resolved;Email problem;Alice Lane;35;TRUE
810;2026/03/20 14:31;2026/03/22 11:31;High;In progress;Software bug;Alice Lane;45;TRUE
811;2025/11/23 04:46;2025/11/24 02:46;Low;Resolved;Password Reset;William Nicole;22;FALSE
812;2026/01/05 19:16;2026/01/08 11:16;Low;Resolved;Software bug;Wit Koppen;64;TRUE
813;2026/01/19 12:24;2026/01/21 13:24;Low;Closed;Software bug;Alice Lane;49;TRUE
814;2026/03/14 22:05;2026/03/16 03:05;High;Resolved;Hardware failure;William Nicole;29;TRUE
815;2025/12/06 07:20;2025/12/08 17:20;Critical;In progress;Email problem;Wit Koppen;58;TRUE
816;2026/03/20 00:01;2026/03/22 02:01;High;Resolved;Email problem;Walt Sizulu;50;TRUE
817;2026/04/16 21:12;2026/04/18 10:12;Critical;In progress;Billing;Wit Koppen;37;TRUE
818;2025/12/07 17:14;2025/12/09 10:14;Low;Resolved;Network issue;Alice Lane;41;FALSE
819;2026/01/15 05:29;2026/01/15 13:29;Low;Closed;Email problem;Walt Sizulu;8;FALSE
820;2026/04/06 05:38;2026/04/08 22:38;High;Closed;Billing;Walt Sizulu;65;TRUE
821;2026/04/20 20:59;2026/04/21 01:59;High;In progress;Password Reset;William Nicole;5;FALSE
822;2026/01/26 01:35;2026/01/26 22:35;Low;In progress;Password Reset;William Nicole;21;FALSE
823;2026/03/26 19:38;2026/03/28 12:38;Medium;In progress;Hardware failure;Wit Koppen;41;TRUE
824;2025/11/29 21:33;2025/11/30 08:33;Low;Open;Network issue;William Nicole;11;FALSE
825;2026/02/14 21:26;2026/02/15 05:26;Critical;Open;Software bug;Walt Sizulu;8;TRUE
826;2026/02/01 23:20;2026/02/02 14:20;Low;In progress;Software bug;Wit Koppen;15;FALSE
827;2025/11/10 10:58;2025/11/12 05:58;High;In progress;Email problem;Walt Sizulu;43;TRUE
828;2026/04/12 16:51;2026/04/12 17:51;Critical;In progress;Password Reset;Wit Koppen;1;FALSE
829;2025/12/17 00:25;2025/12/18 18:25;Medium;In progress;Software bug;Alice Lane;42;TRUE
830;2025/11/12 11:50;2025/11/14 02:50;Low;Open;Hardware failure;William Nicole;39;FALSE
831;2026/04/14 15:45;2026/04/17 12:45;Critical;Resolved;Billing;Alice Lane;69;TRUE
832;2026/03/02 02:11;2026/03/02 18:11;Critical;Closed;Hardware failure;Wit Koppen;16;TRUE
833;2026/03/19 02:42;2026/03/20 06:42;Medium;Open;Billing;Alice Lane;28;TRUE
834;2026/03/13 20:17;2026/03/15 18:17;Critical;Closed;Billing;Wit Koppen;46;TRUE
835;2026/04/17 14:16;2026/04/19 18:16;Medium;Resolved;Billing;Alice Lane;52;TRUE
836;2026/02/22 07:43;2026/02/22 19:43;Critical;Closed;Email problem;Alice Lane;12;TRUE
837;2026/02/07 05:48;2026/02/09 07:48;Critical;Open;Email problem;Wit Koppen;50;TRUE
838;2025/12/22 02:33;2025/12/24 14:33;Low;Open;Email problem;Alice Lane;60;TRUE
839;2026/03/08 08:19;2026/03/11 03:19;High;Resolved;Password Reset;William Nicole;67;TRUE
840;2026/01/26 15:29;2026/01/27 11:29;Low;Resolved;Network issue;William Nicole;20;FALSE
841;2026/01/09 23:43;2026/01/12 20:43;Low;Open;Billing;William Nicole;69;TRUE
842;2025/11/21 17:53;2025/11/22 16:53;High;Closed;Software bug;Wit Koppen;23;TRUE
843;2025/11/15 06:56;2025/11/16 23:56;Medium;Resolved;Billing;William Nicole;41;TRUE
844;2026/04/02 20:12;2026/04/05 12:12;Critical;Closed;Email problem;Wit Koppen;64;TRUE
845;2026/05/05 00:52;2026/05/05 06:52;Medium;Open;Billing;Alice Lane;6;FALSE
846;2026/03/26 00:31;2026/03/27 05:31;Critical;In progress;Email problem;Wit Koppen;29;TRUE
847;2026/03/30 16:56;2026/04/01 22:56;High;Resolved;Software bug;William Nicole;54;TRUE
848;2026/04/04 03:18;2026/04/04 07:18;Low;Open;Hardware failure;Alice Lane;4;FALSE
849;2026/04/11 09:35;2026/04/11 22:35;High;Resolved;Password Reset;Wit Koppen;13;TRUE
850;2026/02/22 17:55;2026/02/22 20:55;Low;Resolved;Network issue;Alice Lane;3;FALSE
851;2025/11/14 16:42;2025/11/17 08:42;High;Open;Billing;Wit Koppen;64;TRUE
852;2026/01/14 19:27;2026/01/14 22:27;Low;Closed;Software bug;Walt Sizulu;3;FALSE
853;2026/01/01 05:37;2026/01/02 22:37;Medium;Closed;Billing;Alice Lane;41;TRUE
854;2026/03/23 11:04;2026/03/24 08:04;Critical;Open;Software bug;Walt Sizulu;21;TRUE
855;2026/04/13 16:29;2026/04/14 10:29;Medium;Resolved;Hardware failure;Alice Lane;18;FALSE
856;2026/02/24 09:52;2026/02/26 14:52;Low;In progress;Software bug;Wit Koppen;53;TRUE
857;2025/12/21 11:47;2025/12/23 08:47;High;Resolved;Hardware failure;Alice Lane;45;TRUE
858;2025/12/22 05:55;2025/12/24 03:55;Low;Open;Billing;Alice Lane;46;FALSE
859;2026/01/10 07:46;2026/01/12 08:46;Low;Closed;Network issue;Wit Koppen;49;TRUE
860;2026/04/06 15:52;2026/04/09 05:52;High;Closed;Billing;Walt Sizulu;62;TRUE
861;2026/01/11 13:04;2026/01/14 07:04;Low;Resolved;Network issue;Alice Lane;66;TRUE
862;2025/11/25 12:51;2025/11/26 09:51;Low;Resolved;Hardware failure;Alice Lane;21;FALSE
863;2026/01/22 20:11;2026/01/23 08:11;High;Open;Billing;William Nicole;12;FALSE
864;2025/12/11 04:50;2025/12/12 11:50;Critical;In progress;Email problem;William Nicole;31;TRUE
865;2025/12/09 16:01;2025/12/10 15:01;Medium;In progress;Billing;Wit Koppen;23;FALSE
866;2026/02/21 02:12;2026/02/24 02:12;Low;Open;Network issue;Walt Sizulu;72;TRUE
867;2026/02/13 07:49;2026/02/13 11:49;High;Resolved;Network issue;William Nicole;4;FALSE
868;2025/12/08 14:33;2025/12/09 23:33;Low;Resolved;Hardware failure;Alice Lane;33;FALSE
869;2026/04/08 20:47;2026/04/09 01:47;Critical;In progress;Hardware failure;William Nicole;5;TRUE
870;2026/03/06 06:26;2026/03/08 19:26;Medium;In progress;Email problem;Walt Sizulu;61;TRUE
871;2026/04/18 06:26;2026/04/20 23:26;Low;Closed;Password Reset;Alice Lane;65;TRUE
872;2026/01/04 05:50;2026/01/04 16:50;Low;Resolved;Network issue;William Nicole;11;FALSE
873;2026/02/03 07:22;2026/02/05 07:22;Low;In progress;Hardware failure;William Nicole;48;FALSE
874;2026/02/11 15:45;2026/02/12 10:45;Critical;Open;Email problem;Walt Sizulu;19;TRUE
875;2026/05/04 01:51;2026/05/05 20:51;Critical;Closed;Password Reset;Wit Koppen;43;TRUE
876;2026/05/01 06:24;2026/05/01 20:24;Low;Open;Password Reset;Alice Lane;14;FALSE
877;2026/02/09 11:39;2026/02/09 21:39;Critical;In progress;Software bug;Alice Lane;10;TRUE
878;2026/04/12 17:27;2026/04/14 20:27;Medium;Resolved;Software bug;Walt Sizulu;51;TRUE
879;2026/04/03 01:06;2026/04/04 20:06;Low;Closed;Hardware failure;William Nicole;43;FALSE
880;2026/04/01 03:26;2026/04/01 21:26;High;In progress;Billing;Wit Koppen;18;TRUE
881;2026/02/26 21:17;2026/03/01 03:17;Low;Resolved;Billing;Wit Koppen;54;TRUE
882;2026/01/07 12:13;2026/01/09 04:13;Critical;Open;Software bug;Alice Lane;40;TRUE
883;2026/01/21 19:40;2026/01/24 14:40;High;In progress;Network issue;Walt Sizulu;67;TRUE
884;2025/11/08 05:40;2025/11/08 22:40;Low;Open;Email problem;Walt Sizulu;17;FALSE
885;2025/11/10 06:59;2025/11/11 02:59;Low;Closed;Hardware failure;Alice Lane;20;FALSE
886;2025/12/17 06:05;2025/12/19 20:05;Critical;Resolved;Password Reset;William Nicole;62;TRUE
887;2025/11/09 15:21;2025/11/10 06:21;Medium;Closed;Billing;Wit Koppen;15;FALSE
888;2026/01/04 02:49;2026/01/04 14:49;Medium;Resolved;Hardware failure;Wit Koppen;12;FALSE
889;2025/12/26 18:54;2025/12/26 22:54;High;Resolved;Hardware failure;Alice Lane;4;FALSE
890;2026/01/19 02:21;2026/01/19 03:21;Low;In progress;Software bug;Walt Sizulu;1;FALSE
891;2025/11/18 05:50;2025/11/19 15:50;Low;In progress;Software bug;William Nicole;34;FALSE
892;2026/01/22 19:04;2026/01/24 13:04;Low;Closed;Email problem;Walt Sizulu;42;FALSE
893;2026/01/19 05:22;2026/01/19 12:22;Medium;Resolved;Password Reset;Walt Sizulu;7;FALSE
894;2025/11/23 13:21;2025/11/26 06:21;Medium;Resolved;Billing;Wit Koppen;65;TRUE
895;2026/02/27 19:47;2026/02/28 18:47;Critical;Closed;Network issue;Walt Sizulu;23;TRUE
896;2026/01/30 06:24;2026/01/30 19:24;Low;In progress;Hardware failure;William Nicole;13;FALSE
897;2025/11/22 03:52;2025/11/22 20:52;Low;Closed;Hardware failure;Walt Sizulu;17;FALSE
898;2025/11/22 01:10;2025/11/23 07:10;Medium;Open;Password Reset;Walt Sizulu;30;TRUE
899;2026/01/16 08:13;2026/01/18 08:13;Medium;Resolved;Email problem;Wit Koppen;48;TRUE
900;2026/02/22 02:14;2026/02/22 12:14;High;Open;Billing;Alice Lane;10;FALSE
901;2025/12/07 22:19;2025/12/09 01:19;High;Resolved;Software bug;William Nicole;27;TRUE
902;2026/03/31 10:40;2026/04/01 00:40;High;Closed;Email problem;William Nicole;14;TRUE
903;2026/03/31 13:00;2026/04/02 10:00;Low;Open;Hardware failure;William Nicole;45;FALSE
904;2025/12/01 19:28;2025/12/02 19:28;Low;Open;Password Reset;Alice Lane;24;FALSE
905;2026/03/31 11:23;2026/04/01 12:23;Critical;Closed;Email problem;William Nicole;25;TRUE
906;2026/02/03 00:57;2026/02/04 19:57;Medium;Resolved;Software bug;Walt Sizulu;43;TRUE
907;2025/12/04 14:09;2025/12/04 20:09;Low;Closed;Hardware failure;Wit Koppen;6;FALSE
908;2025/11/16 01:23;2025/11/16 06:23;High;Open;Network issue;William Nicole;5;FALSE
909;2026/02/07 04:24;2026/02/07 14:24;Medium;Closed;Network issue;William Nicole;10;FALSE
910;2025/12/16 07:51;2025/12/18 04:51;Critical;Open;Software bug;Wit Koppen;45;TRUE
911;2026/02/27 02:48;2026/03/01 17:48;Low;In progress;Software bug;Alice Lane;63;TRUE
912;2026/03/18 05:00;2026/03/20 17:00;Medium;In progress;Billing;Wit Koppen;60;TRUE
913;2026/03/31 03:30;2026/03/31 10:30;Medium;Closed;Password Reset;Walt Sizulu;7;FALSE
914;2026/03/26 09:39;2026/03/27 04:39;Low;In progress;Software bug;Wit Koppen;19;FALSE
915;2026/02/19 04:11;2026/02/20 19:11;Low;Closed;Hardware failure;William Nicole;39;FALSE
916;2025/11/16 06:13;2025/11/16 21:13;Critical;Closed;Email problem;Walt Sizulu;15;TRUE
917;2026/02/16 01:45;2026/02/16 15:45;Low;In progress;Billing;Walt Sizulu;14;FALSE
918;2025/12/11 11:52;2025/12/13 12:52;High;Open;Email problem;Walt Sizulu;49;TRUE
919;2025/12/27 05:35;2025/12/30 01:35;Low;Open;Software bug;Wit Koppen;68;TRUE
920;2026/02/15 19:48;2026/02/18 05:48;Critical;Resolved;Password Reset;William Nicole;58;TRUE
921;2025/12/17 10:12;2025/12/17 21:12;Critical;In progress;Email problem;William Nicole;11;TRUE
922;2025/12/07 15:17;2025/12/10 06:17;Low;Closed;Password Reset;Alice Lane;63;TRUE
923;2025/12/31 12:38;2026/01/03 12:38;High;Open;Password Reset;Wit Koppen;72;TRUE
924;2025/11/12 15:31;2025/11/14 21:31;High;Open;Software bug;Walt Sizulu;54;TRUE
925;2026/04/28 07:18;2026/04/30 13:18;Medium;Closed;Email problem;Alice Lane;54;TRUE
926;2025/11/14 08:22;2025/11/15 00:22;High;Closed;Email problem;Wit Koppen;16;TRUE
927;2026/01/20 13:56;2026/01/21 22:56;Critical;Resolved;Email problem;Walt Sizulu;33;TRUE
928;2025/11/23 20:34;2025/11/24 22:34;Low;Resolved;Email problem;Alice Lane;26;FALSE
929;2025/11/07 14:08;2025/11/09 05:08;High;Open;Network issue;Walt Sizulu;39;TRUE
930;2025/11/25 21:04;2025/11/26 07:04;Low;In progress;Email problem;Alice Lane;10;FALSE
931;2025/12/16 14:47;2025/12/17 15:47;Medium;Open;Network issue;Walt Sizulu;25;TRUE
932;2025/12/11 16:21;2025/12/11 18:21;Medium;Resolved;Password Reset;Alice Lane;2;FALSE
933;2026/05/04 14:30;2026/05/05 07:30;Low;In progress;Network issue;Alice Lane;17;FALSE
934;2026/02/24 22:51;2026/02/26 23:51;Critical;Closed;Password Reset;Walt Sizulu;49;TRUE
935;2026/04/30 05:28;2026/05/02 17:28;Critical;Closed;Email problem;Wit Koppen;60;TRUE
936;2026/03/12 08:13;2026/03/13 08:13;Low;In progress;Email problem;William Nicole;24;FALSE
937;2026/03/08 15:29;2026/03/09 05:29;Low;In progress;Hardware failure;Wit Koppen;14;FALSE
938;2026/02/01 13:04;2026/02/03 23:04;Low;Closed;Network issue;Wit Koppen;58;TRUE
939;2026/04/01 03:46;2026/04/01 23:46;Low;In progress;Software bug;Alice Lane;20;FALSE
940;2025/11/22 09:05;2025/11/24 18:05;High;Resolved;Email problem;Alice Lane;57;TRUE
941;2026/04/02 06:28;2026/04/02 21:28;High;Closed;Password Reset;Wit Koppen;15;TRUE
942;2026/01/08 11:52;2026/01/09 06:52;Low;In progress;Password Reset;Wit Koppen;19;FALSE
943;2026/02/07 13:28;2026/02/08 12:28;Medium;Open;Hardware failure;Walt Sizulu;23;FALSE
944;2026/02/07 04:03;2026/02/08 01:03;Low;Resolved;Hardware failure;William Nicole;21;FALSE
945;2026/02/17 00:47;2026/02/19 02:47;Medium;In progress;Network issue;Alice Lane;50;TRUE
946;2026/02/19 20:31;2026/02/21 06:31;Low;Resolved;Billing;Wit Koppen;34;FALSE
947;2025/12/09 21:10;2025/12/12 08:10;Low;Resolved;Password Reset;Alice Lane;59;TRUE
948;2026/01/06 04:00;2026/01/08 19:00;Medium;In progress;Network issue;Alice Lane;63;TRUE
949;2026/01/26 16:58;2026/01/28 03:58;Critical;Closed;Billing;Walt Sizulu;35;TRUE
950;2025/12/30 18:05;2026/01/02 05:05;High;Open;Email problem;Alice Lane;59;TRUE
951;2025/12/10 03:33;2025/12/11 00:33;High;Closed;Software bug;Wit Koppen;21;TRUE
952;2025/12/02 17:32;2025/12/05 13:32;High;Open;Billing;William Nicole;68;TRUE
953;2025/11/13 00:55;2025/11/14 08:55;High;Closed;Password Reset;Walt Sizulu;32;TRUE
954;2026/01/21 07:50;2026/01/22 13:50;Medium;Open;Software bug;Wit Koppen;30;TRUE
955;2026/01/25 07:08;2026/01/27 04:08;Low;Closed;Email problem;Alice Lane;45;FALSE
956;2026/01/20 11:10;2026/01/20 12:10;Medium;Open;Hardware failure;William Nicole;1;FALSE
957;2026/02/03 04:35;2026/02/03 15:35;Critical;Open;Password Reset;Wit Koppen;11;TRUE
958;2026/01/28 16:07;2026/01/30 04:07;Low;Closed;Network issue;Wit Koppen;36;FALSE
959;2026/04/17 17:50;2026/04/19 01:50;Medium;Resolved;Email problem;Wit Koppen;32;TRUE
960;2025/11/09 02:58;2025/11/11 01:58;Medium;In progress;Hardware failure;Walt Sizulu;47;TRUE
961;2026/03/09 10:18;2026/03/09 18:18;Medium;In progress;Password Reset;Walt Sizulu;8;FALSE
962;2026/04/20 07:30;2026/04/21 09:30;Low;Resolved;Billing;Alice Lane;26;FALSE
963;2026/02/19 17:31;2026/02/22 11:31;Critical;In progress;Password Reset;Wit Koppen;66;TRUE
964;2026/01/19 16:40;2026/01/21 20:40;Low;Open;Email problem;Walt Sizulu;52;TRUE
965;2026/03/31 09:11;2026/04/02 12:11;High;Open;Hardware failure;Wit Koppen;51;TRUE
966;2026/04/25 00:24;2026/04/25 21:24;Low;Open;Hardware failure;Walt Sizulu;21;FALSE
967;2026/03/05 22:36;2026/03/06 00:36;High;Resolved;Billing;William Nicole;2;FALSE
968;2026/03/17 00:55;2026/03/18 12:55;Low;In progress;Email problem;William Nicole;36;FALSE
969;2025/11/14 19:38;2025/11/17 10:38;Medium;In progress;Email problem;Wit Koppen;63;TRUE
970;2026/02/10 19:28;2026/02/11 13:28;Low;In progress;Password Reset;Wit Koppen;18;FALSE
971;2026/01/27 13:20;2026/01/29 00:20;Medium;In progress;Hardware failure;Walt Sizulu;35;TRUE
972;2025/12/04 21:36;2025/12/05 22:36;High;Closed;Network issue;William Nicole;25;TRUE
973;2026/01/14 04:54;2026/01/16 04:54;Critical;Open;Hardware failure;Alice Lane;48;TRUE
974;2026/02/17 10:03;2026/02/18 17:03;Medium;Open;Network issue;William Nicole;31;TRUE
975;2026/03/02 05:40;2026/03/05 02:40;Critical;Closed;Email problem;Wit Koppen;69;TRUE
976;2026/01/11 11:28;2026/01/13 08:28;High;Resolved;Software bug;Wit Koppen;45;TRUE
977;2026/01/27 01:10;2026/01/29 20:10;Medium;Open;Software bug;Alice Lane;67;TRUE
978;2026/01/27 07:30;2026/01/27 19:30;High;In progress;Network issue;William Nicole;12;FALSE
979;2026/04/26 09:33;2026/04/28 20:33;Critical;Closed;Email problem;William Nicole;59;TRUE
980;2026/04/17 02:06;2026/04/19 09:06;Medium;Open;Software bug;William Nicole;55;TRUE
981;2026/01/20 09:47;2026/01/23 05:47;Medium;Resolved;Software bug;Alice Lane;68;TRUE
982;2025/12/16 02:53;2025/12/18 04:53;Low;Closed;Hardware failure;William Nicole;50;TRUE
983;2026/04/07 16:07;2026/04/07 22:07;Medium;Closed;Password Reset;Walt Sizulu;6;FALSE
984;2026/04/02 10:49;2026/04/03 12:49;Critical;Resolved;Hardware failure;Alice Lane;26;TRUE
985;2025/11/13 06:12;2025/11/14 09:12;Medium;Closed;Billing;Alice Lane;27;TRUE
986;2026/02/07 00:35;2026/02/08 01:35;Critical;Open;Email problem;William Nicole;25;TRUE
987;2026/03/12 00:34;2026/03/13 22:34;Critical;Closed;Password Reset;Walt Sizulu;46;TRUE
988;2026/03/05 06:50;2026/03/07 20:50;High;In progress;Billing;Walt Sizulu;62;TRUE
989;2026/04/22 02:31;2026/04/22 16:31;High;In progress;Email problem;Walt Sizulu;14;TRUE
990;2026/04/25 18:01;2026/04/27 12:01;Medium;Closed;Password Reset;William Nicole;42;TRUE
991;2026/02/25 02:21;2026/02/26 06:21;Low;Resolved;Hardware failure;Walt Sizulu;28;FALSE
992;2026/03/27 09:30;2026/03/29 13:30;Low;In progress;Hardware failure;Walt Sizulu;52;TRUE
993;2025/12/17 01:46;2025/12/19 20:46;Low;Closed;Software bug;Walt Sizulu;67;TRUE
994;2026/03/29 15:57;2026/03/31 09:57;High;Resolved;Billing;Alice Lane;42;TRUE
995;2026/01/25 09:44;2026/01/27 23:44;High;Resolved;Software bug;Wit Koppen;62;TRUE
996;2026/05/04 19:01;2026/05/05 01:01;Medium;Resolved;Software bug;Walt Sizulu;6;FALSE
997;2026/01/27 17:09;2026/01/29 10:09;High;Closed;Hardware failure;William Nicole;41;TRUE
998;2025/11/10 20:53;2025/11/12 19:53;Low;Open;Software bug;Walt Sizulu;47;FALSE
999;2025/12/14 20:52;2025/12/16 22:52;High;Resolved;Password Reset;Alice Lane;50;TRUE
1000;2026/04/11 03:06;2026/04/13 08:06;Low;In progress;Hardware failure;William Nicole;53;TRUE
